idna_subject,checker_type,destination,tested_at
1.116.1.22,AVAILABILITY,domains.list,2021-07-03 21:09:08.812594
1.116.101.138,AVAILABILITY,domains.list,2021-07-03 21:09:19.818670
1.116.101.188,AVAILABILITY,domains.list,2021-07-03 21:09:31.272708
1.116.101.225,AVAILABILITY,domains.list,2021-07-03 21:09:42.448197
1.116.101.231,AVAILABILITY,domains.list,2021-07-03 21:09:58.742803
1.116.103.73,AVAILABILITY,domains.list,2021-07-03 21:10:20.151759
1.116.11.135,AVAILABILITY,domains.list,2021-07-03 21:10:31.172232
1.116.110.76,AVAILABILITY,domains.list,2021-07-03 21:10:42.629707
1.116.114.219,AVAILABILITY,domains.list,2021-07-03 21:10:58.406724
1.116.115.110,AVAILABILITY,domains.list,2021-07-03 21:11:14.618567
1.116.119.215,AVAILABILITY,domains.list,2021-07-03 21:11:25.662852
1.116.126.68,AVAILABILITY,domains.list,2021-07-03 21:11:47.252265
1.116.129.102,AVAILABILITY,domains.list,2021-07-03 21:12:03.800113
1.116.131.155,AVAILABILITY,domains.list,2021-07-03 21:12:14.795182
1.116.131.247,AVAILABILITY,domains.list,2021-07-03 21:12:36.238054
1.116.135.59,AVAILABILITY,domains.list,2021-07-03 21:12:52.493780
1.116.137.186,AVAILABILITY,domains.list,2021-07-03 21:13:05.090430
1.116.138.240,AVAILABILITY,domains.list,2021-07-03 21:13:16.088113
1.116.14.134,AVAILABILITY,domains.list,2021-07-03 21:13:27.414712
1.116.143.173,AVAILABILITY,domains.list,2021-07-03 21:13:43.619826
1.116.143.211,AVAILABILITY,domains.list,2021-07-03 21:13:54.577608
1.116.144.176,AVAILABILITY,domains.list,2021-07-03 21:14:05.577873
1.116.147.137,AVAILABILITY,domains.list,2021-07-03 21:14:27.439063
1.116.154.54,AVAILABILITY,domains.list,2021-07-03 21:14:38.444246
1.116.157.69,AVAILABILITY,domains.list,2021-07-03 21:14:54.806758
1.116.158.251,AVAILABILITY,domains.list,2021-07-03 21:15:06.816234
1.116.160.19,AVAILABILITY,domains.list,2021-07-03 21:15:18.147459
1.116.162.236,AVAILABILITY,domains.list,2021-07-03 21:15:29.139156
1.116.163.238,AVAILABILITY,domains.list,2021-07-03 21:15:59.346062
1.116.177.88,AVAILABILITY,domains.list,2021-07-03 21:16:10.672222
1.116.180.88,AVAILABILITY,domains.list,2021-07-03 21:16:32.115770
1.116.181.179,AVAILABILITY,domains.list,2021-07-03 21:16:48.323877
1.116.189.73,AVAILABILITY,domains.list,2021-07-03 21:17:34.200142
1.116.19.115,AVAILABILITY,domains.list,2021-07-03 21:17:50.716867
1.116.190.161,AVAILABILITY,domains.list,2021-07-03 21:18:07.171190
1.116.200.22,AVAILABILITY,domains.list,2021-07-03 21:18:50.001553
1.116.207.19,AVAILABILITY,domains.list,2021-07-03 21:19:00.957407
1.116.207.55,AVAILABILITY,domains.list,2021-07-03 21:19:11.934852
1.116.214.14,AVAILABILITY,domains.list,2021-07-03 21:19:28.119450
1.116.215.158,AVAILABILITY,domains.list,2021-07-03 21:20:01.075671
1.116.216.106,AVAILABILITY,domains.list,2021-07-03 21:20:22.487558
1.116.217.37,AVAILABILITY,domains.list,2021-07-03 21:20:38.994062
1.116.22.225,AVAILABILITY,domains.list,2021-07-03 21:20:50.320952
1.116.221.138,AVAILABILITY,domains.list,2021-07-03 21:21:01.323962
1.116.221.254,AVAILABILITY,domains.list,2021-07-03 21:21:12.743554
1.116.221.34,AVAILABILITY,domains.list,2021-07-03 21:21:23.837588
1.116.228.32,AVAILABILITY,domains.list,2021-07-03 21:21:34.819039
1.116.234.134,AVAILABILITY,domains.list,2021-07-03 21:22:02.213354
1.116.234.14,AVAILABILITY,domains.list,2021-07-03 21:22:18.420050
1.116.234.190,AVAILABILITY,domains.list,2021-07-03 21:22:29.369228
1.116.236.214,AVAILABILITY,domains.list,2021-07-03 21:22:45.562798
1.116.237.80,AVAILABILITY,domains.list,2021-07-03 21:23:06.533266
1.116.239.130,AVAILABILITY,domains.list,2021-07-29 01:48:13.386741
1.116.239.178,AVAILABILITY,domains.list,2021-07-29 01:48:29.343472
1.116.241.187,AVAILABILITY,domains.list,2021-07-29 01:48:40.137766
1.116.242.246,AVAILABILITY,domains.list,2021-07-29 01:48:51.047666
1.116.243.210,AVAILABILITY,domains.list,2021-07-29 01:49:02.112114
1.116.248.161,AVAILABILITY,domains.list,2021-07-29 01:49:23.317806
1.116.251.114,AVAILABILITY,domains.list,2021-07-29 01:49:34.143522
1.116.28.17,AVAILABILITY,domains.list,2021-07-29 01:50:10.181938
1.116.28.223,AVAILABILITY,domains.list,2021-07-29 01:50:26.146818
1.116.35.246,AVAILABILITY,domains.list,2021-07-29 01:50:47.316109
1.116.57.88,AVAILABILITY,domains.list,2021-07-29 01:50:58.117408
1.116.6.144,AVAILABILITY,domains.list,2021-07-29 01:51:08.909811
1.116.67.176,AVAILABILITY,domains.list,2021-07-29 01:51:19.739680
1.128.110.52,AVAILABILITY,domains.list,2021-10-02 04:47:07.334622
1.132.109.69,AVAILABILITY,domains.list,2021-10-02 04:47:32.126962
1.132.109.85,AVAILABILITY,domains.list,2021-10-02 04:47:53.906887
1.14.106.155,AVAILABILITY,domains.list,2021-10-02 04:48:17.534695
1.15.84.185,AVAILABILITY,domains.list,2021-10-02 04:49:32.062329
1.47.24.154,AVAILABILITY,domains.list,2021-10-02 04:50:51.371633
1.80.225.90,AVAILABILITY,domains.list,2021-10-02 04:51:43.783229
1.85.219.4,AVAILABILITY,domains.list,2021-10-02 04:52:29.913847
102.152.31.162,AVAILABILITY,domains.list,2021-10-02 04:54:19.298738
103.103.0.119,AVAILABILITY,domains.list,2021-10-02 04:54:33.885078
103.150.209.57,AVAILABILITY,domains.list,2021-10-02 04:56:18.436705
103.151.122.136,AVAILABILITY,domains.list,2021-10-02 04:56:40.024615
103.156.93.230,AVAILABILITY,domains.list,2021-10-02 04:57:02.217498
103.195.203.145,AVAILABILITY,domains.list,2021-10-02 04:57:49.766339
103.197.49.54,AVAILABILITY,domains.list,2021-10-02 04:58:18.014861
103.41.198.144,AVAILABILITY,domains.list,2021-10-02 05:00:11.928540
106.102.129.126,AVAILABILITY,domains.list,2021-10-02 05:14:47.981615
106.13.77.197,AVAILABILITY,domains.list,2021-10-02 05:16:01.692661
103.76.50.153,AVAILABILITY,domains.list,2021-10-02 05:25:23.119825
106.91.26.65,AVAILABILITY,domains.list,2021-10-02 05:30:52.380241
106.102.0.94,AVAILABILITY,domains.list,2021-10-02 06:01:21.452801
1.46.21.252,AVAILABILITY,domains.list,2021-10-02 06:09:15.859836
103.161.144.111,AVAILABILITY,domains.list,2021-10-02 06:28:59.776740
1.116.67.192,AVAILABILITY,domains.list,2021-10-02 10:19:09.949753
103.144.28.86,AVAILABILITY,domains.list,2021-10-02 10:40:01.786599
1.190.133.6,AVAILABILITY,domains.list,2021-10-02 12:00:03.122643
107.189.13.63,AVAILABILITY,domains.list,2021-10-02 12:33:32.892497
1.255.66.90,AVAILABILITY,domains.list,2021-10-02 13:49:42.011651
1.132.104.160,AVAILABILITY,domains.list,2021-10-02 16:51:05.899818
102.184.250.91,AVAILABILITY,domains.list,2021-10-02 18:28:17.553110
106.102.0.213,AVAILABILITY,domains.list,2021-10-02 21:45:51.964704
106.52.202.118,AVAILABILITY,domains.list,2021-10-02 22:45:37.572470
107.189.13.104,AVAILABILITY,domains.list,2021-10-02 22:47:48.649322
107.189.14.41,AVAILABILITY,domains.list,2021-10-03 00:01:52.309012
101.35.137.117,AVAILABILITY,domains.list,2021-10-03 00:29:43.256578
107.189.1.96,AVAILABILITY,domains.list,2021-10-03 01:03:17.557599
1.128.105.195,AVAILABILITY,domains.list,2021-10-03 01:42:28.415691
104.254.93.71,AVAILABILITY,domains.list,2021-10-03 02:13:13.109977
1.128.108.197,AVAILABILITY,domains.list,2021-10-03 03:49:44.919951
106.55.242.116,AVAILABILITY,domains.list,2021-10-03 04:54:44.149976
103.148.155.29,AVAILABILITY,domains.list,2021-10-03 05:10:25.545502
103.143.72.215,AVAILABILITY,domains.list,2021-10-03 07:07:49.725705
1.83.125.113,AVAILABILITY,domains.list,2021-10-03 07:30:43.396824
105.158.179.253,AVAILABILITY,domains.list,2021-10-03 09:14:35.256312
1.62.103.208,AVAILABILITY,domains.list,2021-10-03 09:37:04.614105
103.140.251.57,AVAILABILITY,domains.list,2021-10-03 12:01:47.459843
103.82.99.86,AVAILABILITY,domains.list,2021-10-03 12:05:10.951454
1.83.112.6,AVAILABILITY,domains.list,2021-10-03 12:29:27.569784
107.189.1.88,AVAILABILITY,domains.list,2021-10-03 12:40:16.472645
101.88.59.204,AVAILABILITY,domains.list,2021-10-03 13:55:11.569334
103.217.156.199,AVAILABILITY,domains.list,2021-10-03 15:43:04.752262
103.125.190.179,AVAILABILITY,domains.list,2021-10-03 16:04:54.606569
106.225.148.129,AVAILABILITY,domains.list,2021-10-03 16:45:02.597697
103.47.80.138,AVAILABILITY,domains.list,2021-10-03 17:14:05.470937
1.15.220.83,AVAILABILITY,domains.list,2021-10-03 17:43:22.752944
106.13.211.229,AVAILABILITY,domains.list,2021-10-03 17:54:28.488452
101.205.148.62,AVAILABILITY,domains.list,2021-10-03 18:08:01.186171
103.195.203.236,AVAILABILITY,domains.list,2021-10-03 18:11:17.623385
101.251.204.242,AVAILABILITY,domains.list,2021-10-03 18:30:00.944566
103.92.153.7,AVAILABILITY,domains.list,2021-10-03 18:34:45.234769
1.85.217.28,AVAILABILITY,domains.list,2021-10-03 19:16:57.297743
106.242.20.219,AVAILABILITY,domains.list,2021-10-03 19:26:35.498000
106.46.104.187,AVAILABILITY,domains.list,2021-10-03 19:50:05.095535
101.66.145.87,AVAILABILITY,domains.list,2021-10-03 20:26:25.336732
105.71.23.236,AVAILABILITY,domains.list,2021-10-03 21:07:49.207084
103.151.123.251,AVAILABILITY,domains.list,2021-10-03 21:23:41.398454
106.75.74.14,AVAILABILITY,domains.list,2021-10-03 22:30:57.531043
106.110.217.148,AVAILABILITY,domains.list,2021-10-04 02:06:51.365116
106.55.131.236,AVAILABILITY,domains.list,2021-10-04 02:49:10.990313
103.104.171.30,AVAILABILITY,domains.list,2021-10-04 03:05:32.540435
103.146.182.98,AVAILABILITY,domains.list,2021-10-04 03:36:31.680574
103.160.194.195,AVAILABILITY,domains.list,2021-10-04 04:40:17.773489
103.146.170.244,AVAILABILITY,domains.list,2021-10-04 05:08:26.477609
103.112.122.186,AVAILABILITY,domains.list,2021-10-04 05:37:29.583483
101.24.75.204,AVAILABILITY,domains.list,2021-10-04 06:09:31.229293
1.204.101.105,AVAILABILITY,domains.list,2021-10-04 07:06:40.197520
103.167.54.202,AVAILABILITY,domains.list,2021-10-04 07:41:50.384601
103.141.203.98,AVAILABILITY,domains.list,2021-10-04 10:52:05.550883
103.167.92.113,AVAILABILITY,domains.list,2021-10-04 11:21:32.208838
104.248.132.161,AVAILABILITY,domains.list,2021-10-04 11:57:35.609177
105.104.64.161,AVAILABILITY,domains.list,2021-10-04 14:38:16.656765
102.89.3.139,AVAILABILITY,domains.list,2021-10-04 15:23:55.113523
102.89.3.179,AVAILABILITY,domains.list,2021-10-04 15:24:16.346879
102.89.3.34,AVAILABILITY,domains.list,2021-10-04 15:24:37.585428
104.152.59.168,AVAILABILITY,domains.list,2021-10-04 15:30:29.289773
102.89.3.77,AVAILABILITY,domains.list,2021-10-04 15:50:40.627782
104.208.37.167,AVAILABILITY,domains.list,2021-10-04 15:56:52.432476
101.34.14.10,AVAILABILITY,domains.list,2021-10-04 16:12:32.487200
103.150.215.79,AVAILABILITY,domains.list,2021-10-04 17:47:54.781123
103.205.124.74,AVAILABILITY,domains.list,2021-10-04 18:13:54.471296
103.134.41.94,AVAILABILITY,domains.list,2021-10-04 19:42:24.797021
106.226.228.3,AVAILABILITY,domains.list,2021-10-04 19:49:30.315864
1.15.170.104,AVAILABILITY,domains.list,2021-10-04 21:32:48.262803
104.144.69.55,AVAILABILITY,domains.list,2021-10-04 22:15:53.970399
103.193.253.138,AVAILABILITY,domains.list,2021-10-04 22:37:08.139080
1.128.106.244,AVAILABILITY,domains.list,2021-10-05 00:58:07.738669
103.207.38.123,AVAILABILITY,domains.list,2021-10-05 01:28:28.076313
101.227.63.117,AVAILABILITY,domains.list,2021-10-05 01:49:37.737757
106.85.43.179,AVAILABILITY,domains.list,2021-10-05 03:37:12.008601
104.248.177.63,AVAILABILITY,domains.list,2021-10-05 04:00:02.005641
106.7.73.178,AVAILABILITY,domains.list,2021-10-05 04:29:36.472900
1.55.84.184,AVAILABILITY,domains.list,2021-10-05 05:38:38.728249
103.145.252.206,AVAILABILITY,domains.list,2021-10-05 05:41:30.471892
103.89.89.248,AVAILABILITY,domains.list,2021-10-05 06:50:47.117476
1.85.218.167,AVAILABILITY,domains.list,2021-10-05 07:20:15.063996
103.144.148.88,AVAILABILITY,domains.list,2021-10-05 07:22:22.849336
103.114.105.221,AVAILABILITY,domains.list,2021-10-05 09:09:17.572219
103.166.244.64,AVAILABILITY,domains.list,2021-10-05 09:11:28.752835
102.152.58.176,AVAILABILITY,domains.list,2021-10-05 10:05:27.568514
103.213.128.59,AVAILABILITY,domains.list,2021-10-05 10:54:03.750489
1.129.16.202,AVAILABILITY,domains.list,2021-10-05 11:36:19.549235
104.144.69.56,AVAILABILITY,domains.list,2021-10-05 13:01:13.542632
103.87.214.214,AVAILABILITY,domains.list,2021-10-05 13:24:38.330138
104.144.64.172,AVAILABILITY,domains.list,2021-10-05 13:25:09.265601
104.144.69.100,AVAILABILITY,domains.list,2021-10-05 13:25:10.860638
106.7.78.236,AVAILABILITY,domains.list,2021-10-05 13:29:26.167435
103.73.214.27,AVAILABILITY,domains.list,2021-10-05 13:54:04.606593
1.14.246.134,AVAILABILITY,domains.list,2021-10-06 06:51:59.139323
1.181.206.178,AVAILABILITY,domains.list,2021-10-06 06:53:32.747327
1.196.90.244,AVAILABILITY,domains.list,2021-10-06 06:54:14.244170
1.204.99.70,AVAILABILITY,domains.list,2021-10-06 06:54:41.756068
1.46.149.177,AVAILABILITY,domains.list,2021-10-06 06:55:34.516809
1.47.15.192,AVAILABILITY,domains.list,2021-10-06 06:55:58.447180
1.52.120.240,AVAILABILITY,domains.list,2021-10-06 06:56:19.817349
101.20.237.27,AVAILABILITY,domains.list,2021-10-06 06:57:01.993732
101.200.146.214,AVAILABILITY,domains.list,2021-10-06 06:57:04.654082
101.21.57.186,AVAILABILITY,domains.list,2021-10-06 06:57:28.924904
101.80.175.152,AVAILABILITY,domains.list,2021-10-06 06:59:06.980331
101.89.171.134,AVAILABILITY,domains.list,2021-10-06 06:59:32.113132
102.152.158.17,AVAILABILITY,domains.list,2021-10-06 07:00:02.121384
103.142.140.11,AVAILABILITY,domains.list,2021-10-06 07:01:22.664799
103.149.74.198,AVAILABILITY,domains.list,2021-10-06 07:02:17.668305
103.207.37.109,AVAILABILITY,domains.list,2021-10-06 07:03:25.088577
103.221.222.76,AVAILABILITY,domains.list,2021-10-06 07:03:51.243118
103.253.145.51,AVAILABILITY,domains.list,2021-10-06 07:04:44.329790
104.144.69.48,AVAILABILITY,domains.list,2021-10-06 07:16:03.457206
104.248.19.250,AVAILABILITY,domains.list,2021-10-06 07:17:40.232717
104.255.169.120,AVAILABILITY,domains.list,2021-10-06 07:18:12.280257
106.111.126.208,AVAILABILITY,domains.list,2021-10-06 07:18:43.571447
106.226.177.46,AVAILABILITY,domains.list,2021-10-06 07:20:08.857174
106.7.78.83,AVAILABILITY,domains.list,2021-10-06 07:35:40.989464
106.87.70.34,AVAILABILITY,domains.list,2021-10-06 07:36:28.907444
1.52.214.232,AVAILABILITY,domains.list,2021-10-06 07:42:09.502499
101.64.136.126,AVAILABILITY,domains.list,2021-10-06 07:59:22.194252
1.52.214.0,AVAILABILITY,domains.list,2021-10-06 08:13:12.232051
1.83.114.173,AVAILABILITY,domains.list,2021-10-06 08:45:52.369252
103.217.77.117,AVAILABILITY,domains.list,2021-10-06 08:50:30.533447
103.114.107.209,AVAILABILITY,domains.list,2021-10-06 09:06:08.542655
1.14.77.28,AVAILABILITY,domains.list,2021-10-06 09:17:59.914950
101.33.45.40,AVAILABILITY,domains.list,2021-10-06 11:27:55.153222
103.154.37.160,AVAILABILITY,domains.list,2021-10-06 13:31:50.972243
103.122.64.226,AVAILABILITY,domains.list,2021-10-06 14:52:33.083519
106.12.149.57,AVAILABILITY,domains.list,2021-10-06 15:15:40.045320
104.210.109.11,AVAILABILITY,domains.list,2021-10-06 15:27:03.839088
103.142.254.130,AVAILABILITY,domains.list,2021-10-06 16:13:07.256866
103.124.147.58,AVAILABILITY,domains.list,2021-10-06 18:19:36.774418
104.219.54.211,AVAILABILITY,domains.list,2021-10-06 19:13:25.285501
107.175.5.147,AVAILABILITY,domains.list,2021-10-06 19:30:09.649806
1.83.158.14,AVAILABILITY,domains.list,2021-10-06 20:26:06.770892
104.248.153.15,AVAILABILITY,domains.list,2021-10-06 20:49:21.400460
106.12.201.125,AVAILABILITY,domains.list,2021-10-06 20:50:08.165437
104.248.246.59,AVAILABILITY,domains.list,2021-10-06 21:55:02.984815
103.140.83.232,AVAILABILITY,domains.list,2021-10-06 22:05:05.621858
101.16.40.102,AVAILABILITY,domains.list,2021-10-07 00:10:59.507375
103.106.112.13,AVAILABILITY,domains.list,2021-10-07 00:12:47.064207
1.128.109.240,AVAILABILITY,domains.list,2021-10-07 01:28:30.957316
103.167.92.101,AVAILABILITY,domains.list,2021-10-07 01:34:07.551621
101.34.84.228,AVAILABILITY,domains.list,2021-10-07 02:36:31.182834
1.14.108.27,AVAILABILITY,domains.list,2021-10-07 03:06:17.954893
106.84.197.76,AVAILABILITY,domains.list,2021-10-07 03:35:36.595720
1.203.67.63,AVAILABILITY,domains.list,2021-10-07 04:12:32.226316
103.22.142.235,AVAILABILITY,domains.list,2021-10-07 04:49:50.665152
103.86.194.202,AVAILABILITY,domains.list,2021-10-07 05:53:02.383639
103.87.155.154,AVAILABILITY,domains.list,2021-10-07 06:25:45.008448
103.148.225.6,AVAILABILITY,domains.list,2021-10-07 06:40:34.952302
103.97.200.101,AVAILABILITY,domains.list,2021-10-07 07:00:05.280171
102.152.48.98,AVAILABILITY,domains.list,2021-10-07 08:14:52.089507
1.22.153.78,AVAILABILITY,domains.list,2021-10-07 08:46:37.506238
104.236.29.27,AVAILABILITY,domains.list,2021-10-07 08:52:40.224163
1.85.216.60,AVAILABILITY,domains.list,2021-10-07 09:04:17.868575
103.47.65.220,AVAILABILITY,domains.list,2021-10-07 09:25:14.787536
101.80.92.76,AVAILABILITY,domains.list,2021-10-07 09:38:15.202312
101.86.119.132,AVAILABILITY,domains.list,2021-10-07 09:38:36.326175
103.156.14.50,AVAILABILITY,domains.list,2021-10-07 09:56:59.101925
1.83.112.129,AVAILABILITY,domains.list,2021-10-07 10:09:38.508545
101.25.252.51,AVAILABILITY,domains.list,2021-10-07 11:29:41.919259
1.9.165.67,AVAILABILITY,domains.list,2021-10-07 12:01:45.600616
106.9.144.191,AVAILABILITY,domains.list,2021-10-07 12:48:15.485344
107.150.125.208,AVAILABILITY,domains.list,2021-10-07 15:21:30.860969
106.213.89.211,AVAILABILITY,domains.list,2021-10-07 15:51:58.834265
106.5.202.39,AVAILABILITY,domains.list,2021-10-07 16:25:55.090545
103.43.16.46,AVAILABILITY,domains.list,2021-10-07 16:38:46.494719
103.207.7.177,AVAILABILITY,domains.list,2021-10-07 17:24:27.615559
103.30.83.243,AVAILABILITY,domains.list,2021-10-07 17:59:19.688885
106.91.27.53,AVAILABILITY,domains.list,2021-10-07 18:20:44.600833
107.189.4.174,AVAILABILITY,domains.list,2021-10-07 18:37:04.933709
106.226.239.8,AVAILABILITY,domains.list,2021-10-07 19:56:48.564352
101.128.72.93,AVAILABILITY,domains.list,2021-10-07 20:03:39.119026
107.189.13.219,AVAILABILITY,domains.list,2021-10-07 20:30:28.208896
1.14.48.177,AVAILABILITY,domains.list,2021-10-07 20:33:31.711085
103.237.58.109,AVAILABILITY,domains.list,2021-10-07 22:16:16.712446
106.75.122.51,AVAILABILITY,domains.list,2021-10-07 22:51:53.683290
1.145.16.0,AVAILABILITY,domains.list,2021-10-07 23:50:50.280003
103.58.116.174,AVAILABILITY,domains.list,2021-10-07 23:57:25.679150
103.52.252.18,AVAILABILITY,domains.list,2021-10-08 00:29:12.667630
104.248.162.212,AVAILABILITY,domains.list,2021-10-08 00:31:44.152497
103.106.219.14,AVAILABILITY,domains.list,2021-10-08 00:58:01.884438
106.87.55.183,AVAILABILITY,domains.list,2021-10-08 01:20:58.764505
1.85.217.244,AVAILABILITY,domains.list,2021-10-08 03:06:40.131953
103.151.123.154,AVAILABILITY,domains.list,2021-10-08 03:09:11.037526
101.68.132.220,AVAILABILITY,domains.list,2021-10-08 03:41:39.019613
102.135.132.44,AVAILABILITY,domains.list,2021-10-08 05:01:17.095834
1.53.87.224,AVAILABILITY,domains.list,2021-10-08 06:21:04.770915
1.204.93.13,AVAILABILITY,domains.list,2021-10-08 07:25:20.941174
103.125.190.56,AVAILABILITY,domains.list,2021-10-08 07:42:50.331026
1.54.214.58,AVAILABILITY,domains.list,2021-10-08 08:19:27.028479
103.147.185.189,AVAILABILITY,domains.list,2021-10-08 10:15:27.830733
103.206.119.16,AVAILABILITY,domains.list,2021-10-08 10:32:50.266433
106.102.129.212,AVAILABILITY,domains.list,2021-10-08 10:36:58.637181
107.189.13.190,AVAILABILITY,domains.list,2021-10-08 13:42:10.863615
107.189.14.141,AVAILABILITY,domains.list,2021-10-08 14:16:14.555660
107.189.14.230,AVAILABILITY,domains.list,2021-10-08 14:32:35.490533
107.189.12.146,AVAILABILITY,domains.list,2021-10-08 14:46:37.176309
109.105.54.71,AVAILABILITY,domains.list,2021-10-08 14:52:22.065891
101.23.150.221,AVAILABILITY,domains.list,2021-10-08 14:57:06.873229
107.189.14.140,AVAILABILITY,domains.list,2021-10-08 15:05:59.517257
107.189.8.233,AVAILABILITY,domains.list,2021-10-08 15:19:13.499486
1.20.235.153,AVAILABILITY,domains.list,2021-10-08 16:32:58.878320
103.97.201.187,AVAILABILITY,domains.list,2021-10-08 17:09:27.604507
104.244.77.37,AVAILABILITY,domains.list,2021-10-08 17:10:23.273757
103.140.234.6,AVAILABILITY,domains.list,2021-10-08 17:39:23.936924
106.111.37.242,AVAILABILITY,domains.list,2021-10-08 17:58:12.275994
103.9.188.151,AVAILABILITY,domains.list,2021-10-08 18:29:09.813516
1.20.95.95,AVAILABILITY,domains.list,2021-10-08 19:28:10.940061
106.110.196.253,AVAILABILITY,domains.list,2021-10-08 19:51:54.318406
1.117.179.253,AVAILABILITY,domains.list,2021-10-08 21:50:45.630775
103.137.73.174,AVAILABILITY,domains.list,2021-10-08 23:30:02.926720
1.20.168.157,AVAILABILITY,domains.list,2021-10-09 00:00:57.009276
103.92.214.19,AVAILABILITY,domains.list,2021-10-09 00:55:02.430112
103.167.90.167,AVAILABILITY,domains.list,2021-10-09 01:58:46.476099
1.80.216.170,AVAILABILITY,domains.list,2021-10-09 02:11:11.886002
103.156.92.63,AVAILABILITY,domains.list,2021-10-09 02:29:30.321069
103.163.44.29,AVAILABILITY,domains.list,2021-10-09 02:29:57.589517
103.207.38.197,AVAILABILITY,domains.list,2021-10-09 02:30:41.767015
103.151.5.94,AVAILABILITY,domains.list,2021-10-09 03:53:55.473828
1.179.130.201,AVAILABILITY,domains.list,2021-10-09 04:40:26.438333
102.114.23.123,AVAILABILITY,domains.list,2021-10-09 06:02:29.599451
103.151.5.100,AVAILABILITY,domains.list,2021-10-09 06:20:44.944838
103.87.48.52,AVAILABILITY,domains.list,2021-10-09 06:23:14.478336
103.237.57.148,AVAILABILITY,domains.list,2021-10-09 07:08:02.338037
109.199.164.195,AVAILABILITY,domains.list,2021-10-09 07:18:01.698963
103.144.3.79,AVAILABILITY,domains.list,2021-10-09 08:00:33.501851
103.29.140.65,AVAILABILITY,domains.list,2021-10-09 08:02:23.766869
103.153.149.153,AVAILABILITY,domains.list,2021-10-09 08:18:37.753764
1.145.18.100,AVAILABILITY,domains.list,2021-10-09 09:19:31.757825
103.162.196.89,AVAILABILITY,domains.list,2021-10-09 09:22:47.882872
104.171.91.60,AVAILABILITY,domains.list,2021-10-09 09:25:24.014011
103.230.62.18,AVAILABILITY,domains.list,2021-10-09 10:11:20.553523
103.12.160.159,AVAILABILITY,domains.list,2021-10-09 10:25:36.566413
1.80.216.228,AVAILABILITY,domains.list,2021-10-09 10:40:28.984350
103.45.131.16,AVAILABILITY,domains.list,2021-10-09 10:43:50.332057
103.122.95.46,AVAILABILITY,domains.list,2021-10-09 10:57:48.227937
1.83.115.98,AVAILABILITY,domains.list,2021-10-09 11:28:45.049527
106.46.113.23,AVAILABILITY,domains.list,2021-10-09 11:50:19.633319
1.196.177.189,AVAILABILITY,domains.list,2021-10-09 12:48:27.348185
1.85.216.247,AVAILABILITY,domains.list,2021-10-09 13:04:20.148853
101.205.144.26,AVAILABILITY,domains.list,2021-10-09 13:04:40.001964
1.85.217.134,AVAILABILITY,domains.list,2021-10-09 14:43:10.656641
1.132.104.107,AVAILABILITY,domains.list,2021-10-09 15:29:04.471474
101.71.192.27,AVAILABILITY,domains.list,2021-10-09 16:18:53.523390
103.125.189.79,AVAILABILITY,domains.list,2021-10-09 16:19:29.742814
103.153.68.174,AVAILABILITY,domains.list,2021-10-09 16:20:37.820204
109.106.224.68,AVAILABILITY,domains.list,2021-10-09 17:17:31.444687
103.169.130.234,AVAILABILITY,domains.list,2021-10-09 17:23:26.347555
109.52.103.134,AVAILABILITY,domains.list,2021-10-09 17:34:11.335079
103.125.235.21,AVAILABILITY,domains.list,2021-10-09 17:56:04.728181
103.151.5.82,AVAILABILITY,domains.list,2021-10-09 18:44:24.787788
101.24.78.215,AVAILABILITY,domains.list,2021-10-09 19:14:46.350102
103.151.123.200,AVAILABILITY,domains.list,2021-10-09 19:16:41.431987
106.75.168.141,AVAILABILITY,domains.list,2021-10-09 20:08:48.312798
104.46.34.47,AVAILABILITY,domains.list,2021-10-09 20:23:15.941334
1.132.109.218,AVAILABILITY,domains.list,2021-10-09 20:48:04.815110
1.14.146.254,AVAILABILITY,domains.list,2021-10-09 21:03:37.057945
102.37.121.254,AVAILABILITY,domains.list,2021-10-09 23:20:15.586706
109.62.215.157,AVAILABILITY,domains.list,2021-10-10 00:51:41.756119
1.181.207.123,AVAILABILITY,domains.list,2021-10-10 02:17:23.829095
109.52.232.122,AVAILABILITY,domains.list,2021-10-10 03:02:20.362111
1.189.170.196,AVAILABILITY,domains.list,2021-10-10 03:22:12.169404
103.81.170.164,AVAILABILITY,domains.list,2021-10-10 03:26:06.489714
109.76.114.222,AVAILABILITY,domains.list,2021-10-10 03:35:11.013688
1.204.94.46,AVAILABILITY,domains.list,2021-10-10 04:13:18.880101
103.134.40.91,AVAILABILITY,domains.list,2021-10-10 04:33:21.370703
103.40.74.24,AVAILABILITY,domains.list,2021-10-10 04:35:50.496805
106.85.200.95,AVAILABILITY,domains.list,2021-10-10 04:54:20.726471
1.54.170.184,AVAILABILITY,domains.list,2021-10-10 05:54:01.357125
106.87.52.255,AVAILABILITY,domains.list,2021-10-10 07:20:55.662858
105.30.26.38,AVAILABILITY,domains.list,2021-10-10 07:37:07.374815
103.245.10.51,AVAILABILITY,domains.list,2021-10-10 10:12:27.509853
103.89.78.42,AVAILABILITY,domains.list,2021-10-10 10:13:32.169753
111.120.45.5,AVAILABILITY,domains.list,2021-10-10 10:54:41.707800
1.203.67.31,AVAILABILITY,domains.list,2021-10-10 10:57:55.810399
103.144.228.46,AVAILABILITY,domains.list,2021-10-10 11:31:41.261844
111.201.208.141,AVAILABILITY,domains.list,2021-10-10 13:02:42.801918
111.22.164.179,AVAILABILITY,domains.list,2021-10-10 13:19:46.641801
111.41.225.241,AVAILABILITY,domains.list,2021-10-10 14:39:49.810459
111.78.167.71,AVAILABILITY,domains.list,2021-10-10 14:40:17.571359
103.97.200.16,AVAILABILITY,domains.list,2021-10-10 15:04:02.180605
102.66.237.164,AVAILABILITY,domains.list,2021-10-10 15:16:48.572373
106.75.253.62,AVAILABILITY,domains.list,2021-10-10 16:25:16.033378
109.52.58.19,AVAILABILITY,domains.list,2021-10-10 17:35:33.293655
103.157.69.172,AVAILABILITY,domains.list,2021-10-10 18:45:11.547351
1.56.145.137,AVAILABILITY,domains.list,2021-10-10 19:15:24.203061
109.206.245.58,AVAILABILITY,domains.list,2021-10-10 19:42:47.981351
109.206.245.90,AVAILABILITY,domains.list,2021-10-10 19:42:50.056280
103.134.184.134,AVAILABILITY,domains.list,2021-10-10 19:48:24.419824
103.41.198.218,AVAILABILITY,domains.list,2021-10-10 20:24:56.282350
103.138.109.105,AVAILABILITY,domains.list,2021-10-10 20:38:27.252989
109.206.245.84,AVAILABILITY,domains.list,2021-10-10 21:52:12.905391
1.15.27.253,AVAILABILITY,domains.list,2021-10-10 22:27:25.368330
105.22.39.206,AVAILABILITY,domains.list,2021-10-10 22:33:48.638525
109.206.245.61,AVAILABILITY,domains.list,2021-10-10 22:56:16.166366
109.206.245.93,AVAILABILITY,domains.list,2021-10-10 22:56:19.950240
103.9.134.148,AVAILABILITY,domains.list,2021-10-10 23:20:43.264799
103.153.68.166,AVAILABILITY,domains.list,2021-10-10 23:36:32.577245
1.85.219.35,AVAILABILITY,domains.list,2021-10-10 23:50:51.448419
103.239.165.28,AVAILABILITY,domains.list,2021-10-10 23:54:12.341278
102.69.79.210,AVAILABILITY,domains.list,2021-10-11 00:07:15.568452
1.14.96.240,AVAILABILITY,domains.list,2021-10-11 00:20:48.190974
103.232.54.133,AVAILABILITY,domains.list,2021-10-11 00:41:14.581449
109.106.137.188,AVAILABILITY,domains.list,2021-10-11 01:06:20.173899
101.204.125.31,AVAILABILITY,domains.list,2021-10-11 01:59:47.609936
103.80.210.33,AVAILABILITY,domains.list,2021-10-11 02:03:37.177053
101.34.244.235,AVAILABILITY,domains.list,2021-10-11 02:47:59.344871
104.248.130.156,AVAILABILITY,domains.list,2021-10-11 04:27:46.606132
109.206.245.50,AVAILABILITY,domains.list,2021-10-11 05:54:13.020848
109.206.245.95,AVAILABILITY,domains.list,2021-10-11 05:54:19.843064
103.122.246.191,AVAILABILITY,domains.list,2021-10-11 05:59:41.348712
102.66.228.122,AVAILABILITY,domains.list,2021-10-11 06:31:58.937218
103.102.75.80,AVAILABILITY,domains.list,2021-10-11 06:32:06.716702
1.9.155.159,AVAILABILITY,domains.list,2021-10-11 07:20:20.859629
104.244.74.141,AVAILABILITY,domains.list,2021-10-11 07:55:53.190659
106.87.71.248,AVAILABILITY,domains.list,2021-10-11 08:32:50.330691
103.121.195.35,AVAILABILITY,domains.list,2021-10-11 09:03:04.751327
106.91.18.75,AVAILABILITY,domains.list,2021-10-11 09:09:17.255335
1.132.108.100,AVAILABILITY,domains.list,2021-10-11 09:33:13.109862
101.228.194.83,AVAILABILITY,domains.list,2021-10-11 09:51:08.230697
103.254.59.27,AVAILABILITY,domains.list,2021-10-11 10:10:54.046977
101.205.122.251,AVAILABILITY,domains.list,2021-10-11 10:39:54.454583
101.205.148.38,AVAILABILITY,domains.list,2021-10-11 12:00:33.986330
101.68.132.215,AVAILABILITY,domains.list,2021-10-11 12:01:24.937679
101.91.205.192,AVAILABILITY,domains.list,2021-10-11 12:01:51.207567
101.80.170.237,AVAILABILITY,domains.list,2021-10-11 12:32:23.568584
106.85.200.63,AVAILABILITY,domains.list,2021-10-11 13:12:37.804677
1.128.108.3,AVAILABILITY,domains.list,2021-10-11 13:21:36.002985
1.58.200.19,AVAILABILITY,domains.list,2021-10-11 14:43:57.239748
101.89.163.235,AVAILABILITY,domains.list,2021-10-11 14:45:16.913804
106.12.83.80,AVAILABILITY,domains.list,2021-10-11 15:05:39.662072
101.205.148.19,AVAILABILITY,domains.list,2021-10-11 15:33:26.946805
101.91.221.117,AVAILABILITY,domains.list,2021-10-11 15:34:21.379963
101.91.226.51,AVAILABILITY,domains.list,2021-10-11 16:05:52.925770
109.206.245.83,AVAILABILITY,domains.list,2021-10-11 16:49:55.634125
101.205.148.123,AVAILABILITY,domains.list,2021-10-11 17:44:04.456162
1.52.123.229,AVAILABILITY,domains.list,2021-10-11 18:01:01.730729
101.205.148.104,AVAILABILITY,domains.list,2021-10-11 18:01:36.443450
101.205.148.113,AVAILABILITY,domains.list,2021-10-11 18:01:45.155821
1.52.123.0,AVAILABILITY,domains.list,2021-10-11 18:16:58.667248
103.53.112.177,AVAILABILITY,domains.list,2021-10-11 18:51:34.387071
103.171.1.140,AVAILABILITY,domains.list,2021-10-11 19:22:52.741620
101.205.151.19,AVAILABILITY,domains.list,2021-10-11 22:01:07.295085
101.89.108.215,AVAILABILITY,domains.list,2021-10-11 22:01:52.126732
106.83.195.5,AVAILABILITY,domains.list,2021-10-11 22:08:44.442615
106.83.195.217,AVAILABILITY,domains.list,2021-10-11 22:24:23.898002
101.205.148.107,AVAILABILITY,domains.list,2021-10-11 22:33:12.063968
101.205.148.110,AVAILABILITY,domains.list,2021-10-11 22:33:16.076450
101.205.148.5,AVAILABILITY,domains.list,2021-10-11 22:49:18.746620
101.205.148.10,AVAILABILITY,domains.list,2021-10-11 23:05:01.600115
101.89.202.85,AVAILABILITY,domains.list,2021-10-11 23:05:58.318434
101.91.183.248,AVAILABILITY,domains.list,2021-10-11 23:06:21.900738
101.91.200.12,AVAILABILITY,domains.list,2021-10-11 23:06:43.261954
101.205.148.102,AVAILABILITY,domains.list,2021-10-11 23:20:37.684313
101.205.148.121,AVAILABILITY,domains.list,2021-10-11 23:20:44.454152
101.205.148.25,AVAILABILITY,domains.list,2021-10-11 23:20:49.072170
101.91.179.72,AVAILABILITY,domains.list,2021-10-11 23:21:37.346848
101.91.201.191,AVAILABILITY,domains.list,2021-10-11 23:22:00.369004
101.89.195.198,AVAILABILITY,domains.list,2021-10-11 23:37:53.735678
101.205.144.16,AVAILABILITY,domains.list,2021-10-11 23:52:34.896655
101.205.148.13,AVAILABILITY,domains.list,2021-10-11 23:52:47.733674
101.91.195.226,AVAILABILITY,domains.list,2021-10-11 23:53:44.744786
1.145.94.187,AVAILABILITY,domains.list,2021-10-12 00:23:31.875123
101.205.148.2,AVAILABILITY,domains.list,2021-10-12 00:25:26.650670
101.205.148.44,AVAILABILITY,domains.list,2021-10-12 00:25:36.725660
101.205.148.73,AVAILABILITY,domains.list,2021-10-12 00:25:45.907417
101.89.195.155,AVAILABILITY,domains.list,2021-10-12 00:26:35.703818
104.41.142.251,AVAILABILITY,domains.list,2021-10-12 00:32:33.620684
106.58.164.109,AVAILABILITY,domains.list,2021-10-12 00:34:39.143702
101.205.148.23,AVAILABILITY,domains.list,2021-10-12 00:40:37.730792
101.205.148.52,AVAILABILITY,domains.list,2021-10-12 00:40:49.174628
101.205.148.54,AVAILABILITY,domains.list,2021-10-12 00:40:57.174461
101.205.148.88,AVAILABILITY,domains.list,2021-10-12 00:41:06.740845
101.205.144.50,AVAILABILITY,domains.list,2021-10-12 00:57:26.420680
101.89.110.46,AVAILABILITY,domains.list,2021-10-12 00:58:38.477774
106.111.74.67,AVAILABILITY,domains.list,2021-10-12 01:06:07.083228
101.205.148.35,AVAILABILITY,domains.list,2021-10-12 01:13:40.264678
101.91.236.196,AVAILABILITY,domains.list,2021-10-12 01:14:59.505448
101.91.210.187,AVAILABILITY,domains.list,2021-10-12 01:30:44.146818
106.42.216.21,AVAILABILITY,domains.list,2021-10-12 01:37:47.831291
101.205.148.118,AVAILABILITY,domains.list,2021-10-12 02:01:43.339216
101.205.148.17,AVAILABILITY,domains.list,2021-10-12 02:01:49.473894
101.205.148.78,AVAILABILITY,domains.list,2021-10-12 02:02:05.494085
101.205.148.8,AVAILABILITY,domains.list,2021-10-12 02:02:08.778661
101.205.151.35,AVAILABILITY,domains.list,2021-10-12 02:02:14.346776
101.205.151.36,AVAILABILITY,domains.list,2021-10-12 02:02:16.814699
101.89.152.74,AVAILABILITY,domains.list,2021-10-12 02:03:07.220616
101.91.167.104,AVAILABILITY,domains.list,2021-10-12 02:03:39.100746
101.205.144.27,AVAILABILITY,domains.list,2021-10-12 02:17:15.472099
101.205.144.7,AVAILABILITY,domains.list,2021-10-12 02:17:20.345280
101.89.197.92,AVAILABILITY,domains.list,2021-10-12 02:18:47.076877
101.91.120.38,AVAILABILITY,domains.list,2021-10-12 02:19:10.326193
1.179.202.33,AVAILABILITY,domains.list,2021-10-12 02:32:10.575283
1.191.127.202,AVAILABILITY,domains.list,2021-10-12 02:32:38.909848
101.205.144.39,AVAILABILITY,domains.list,2021-10-12 02:33:30.528536
101.205.144.4,AVAILABILITY,domains.list,2021-10-12 02:33:33.383829
101.205.144.42,AVAILABILITY,domains.list,2021-10-12 02:33:36.149635
101.205.148.126,AVAILABILITY,domains.list,2021-10-12 02:33:51.778421
101.89.190.222,AVAILABILITY,domains.list,2021-10-12 02:35:05.174731
101.89.196.20,AVAILABILITY,domains.list,2021-10-12 02:35:29.977258
101.89.213.38,AVAILABILITY,domains.list,2021-10-12 02:35:55.453361
106.84.199.94,AVAILABILITY,domains.list,2021-10-12 02:43:42.957508
101.205.144.10,AVAILABILITY,domains.list,2021-10-12 02:49:18.892677
101.205.144.24,AVAILABILITY,domains.list,2021-10-12 02:49:28.703983
101.89.181.127,AVAILABILITY,domains.list,2021-10-12 03:05:35.612357
101.91.223.73,AVAILABILITY,domains.list,2021-10-12 03:06:19.782220
106.58.172.86,AVAILABILITY,domains.list,2021-10-12 03:12:20.760181
101.205.144.40,AVAILABILITY,domains.list,2021-10-12 03:21:20.783713
101.205.148.36,AVAILABILITY,domains.list,2021-10-12 03:21:49.337210
101.91.239.238,AVAILABILITY,domains.list,2021-10-12 03:23:36.263390
101.205.144.46,AVAILABILITY,domains.list,2021-10-12 03:52:22.549019
101.206.71.89,AVAILABILITY,domains.list,2021-10-12 03:53:18.270555
101.89.201.80,AVAILABILITY,domains.list,2021-10-12 03:54:18.582325
1.189.119.206,AVAILABILITY,domains.list,2021-10-12 04:07:26.543926
101.205.148.111,AVAILABILITY,domains.list,2021-10-12 04:08:39.344093
101.91.127.220,AVAILABILITY,domains.list,2021-10-12 04:10:09.826015
101.91.178.93,AVAILABILITY,domains.list,2021-10-12 04:10:32.683474
101.91.236.174,AVAILABILITY,domains.list,2021-10-12 04:11:10.832310
103.147.251.2,AVAILABILITY,domains.list,2021-10-12 04:12:19.244766
106.58.186.92,AVAILABILITY,domains.list,2021-10-12 04:18:28.386991
101.205.148.29,AVAILABILITY,domains.list,2021-10-12 04:24:26.025545
101.89.156.68,AVAILABILITY,domains.list,2021-10-12 04:25:31.138305
103.171.85.87,AVAILABILITY,domains.list,2021-10-12 04:28:04.903777
101.91.216.199,AVAILABILITY,domains.list,2021-10-12 04:42:05.981721
103.233.206.178,AVAILABILITY,domains.list,2021-10-12 04:44:56.096682
103.221.222.216,AVAILABILITY,domains.list,2021-10-12 05:16:14.610436
103.25.251.253,AVAILABILITY,domains.list,2021-10-12 05:16:56.557086
101.205.148.112,AVAILABILITY,domains.list,2021-10-12 05:28:19.100489
101.91.216.134,AVAILABILITY,domains.list,2021-10-12 05:30:12.616551
1.53.86.249,AVAILABILITY,domains.list,2021-10-12 05:45:41.311863
101.91.172.241,AVAILABILITY,domains.list,2021-10-12 05:48:00.412885
101.91.206.9,AVAILABILITY,domains.list,2021-10-12 05:48:32.895590
103.161.55.90,AVAILABILITY,domains.list,2021-10-12 06:06:05.028660
1.204.97.254,AVAILABILITY,domains.list,2021-10-12 06:17:28.197750
101.205.144.29,AVAILABILITY,domains.list,2021-10-12 06:18:17.808471
101.205.151.7,AVAILABILITY,domains.list,2021-10-12 06:19:06.210064
101.205.148.124,AVAILABILITY,domains.list,2021-10-12 06:34:11.962836
101.89.205.36,AVAILABILITY,domains.list,2021-10-12 06:35:44.685309
101.205.148.15,AVAILABILITY,domains.list,2021-10-12 06:51:56.968391
101.205.151.38,AVAILABILITY,domains.list,2021-10-12 07:41:54.184317
101.91.177.184,AVAILABILITY,domains.list,2021-10-12 07:43:04.700579
1.83.114.95,AVAILABILITY,domains.list,2021-10-12 07:59:02.291555
101.205.144.32,AVAILABILITY,domains.list,2021-10-12 07:59:27.898103
101.205.148.45,AVAILABILITY,domains.list,2021-10-12 08:00:06.700378
104.193.170.241,AVAILABILITY,domains.list,2021-10-12 08:06:13.781007
101.205.148.84,AVAILABILITY,domains.list,2021-10-12 08:31:42.938212
101.87.3.39,AVAILABILITY,domains.list,2021-10-12 08:32:30.788656
101.88.13.36,AVAILABILITY,domains.list,2021-10-12 08:32:53.265143
1.56.176.175,AVAILABILITY,domains.list,2021-10-12 08:46:45.930930
101.205.148.27,AVAILABILITY,domains.list,2021-10-12 08:47:52.213204
101.91.239.245,AVAILABILITY,domains.list,2021-10-12 08:49:56.716284
101.205.144.52,AVAILABILITY,domains.list,2021-10-12 09:07:17.020608
106.91.246.206,AVAILABILITY,domains.list,2021-10-12 09:17:39.260850
101.205.148.1,AVAILABILITY,domains.list,2021-10-12 09:23:33.749889
101.89.189.90,AVAILABILITY,domains.list,2021-10-12 09:25:16.630375
101.91.225.72,AVAILABILITY,domains.list,2021-10-12 09:26:19.529593
101.205.144.36,AVAILABILITY,domains.list,2021-10-12 09:39:24.383605
101.205.148.41,AVAILABILITY,domains.list,2021-10-12 09:40:09.695469
101.205.144.20,AVAILABILITY,domains.list,2021-10-12 10:45:52.023513
101.205.148.11,AVAILABILITY,domains.list,2021-10-12 10:46:15.900170
101.205.148.12,AVAILABILITY,domains.list,2021-10-12 10:46:24.185003
101.205.148.46,AVAILABILITY,domains.list,2021-10-12 10:46:47.002095
101.89.210.132,AVAILABILITY,domains.list,2021-10-12 10:48:08.149309
103.134.112.223,AVAILABILITY,domains.list,2021-10-12 10:49:28.754076
101.205.148.108,AVAILABILITY,domains.list,2021-10-12 11:19:24.132235
101.68.132.10,AVAILABILITY,domains.list,2021-10-12 11:20:51.626327
101.89.169.22,AVAILABILITY,domains.list,2021-10-12 11:21:31.249470
101.89.186.224,AVAILABILITY,domains.list,2021-10-12 11:21:55.565469
101.91.206.184,AVAILABILITY,domains.list,2021-10-12 11:22:54.706700
101.91.234.130,AVAILABILITY,domains.list,2021-10-12 11:23:29.226396
101.205.144.43,AVAILABILITY,domains.list,2021-10-12 11:35:49.580168
101.205.148.71,AVAILABILITY,domains.list,2021-10-12 11:36:30.106737
101.89.167.65,AVAILABILITY,domains.list,2021-10-12 12:11:34.752279
101.205.144.1,AVAILABILITY,domains.list,2021-10-12 12:57:53.945754
101.205.144.33,AVAILABILITY,domains.list,2021-10-12 12:58:12.762101
101.91.216.163,AVAILABILITY,domains.list,2021-10-12 13:01:00.730968
106.58.189.154,AVAILABILITY,domains.list,2021-10-12 13:08:57.401578
101.205.148.106,AVAILABILITY,domains.list,2021-10-12 13:30:20.665963
101.205.148.16,AVAILABILITY,domains.list,2021-10-12 13:30:41.945045
103.53.112.139,AVAILABILITY,domains.list,2021-10-12 13:35:49.819261
101.205.148.4,AVAILABILITY,domains.list,2021-10-12 13:46:36.683378
101.89.179.113,AVAILABILITY,domains.list,2021-10-12 13:47:54.718643
101.205.148.105,AVAILABILITY,domains.list,2021-10-12 14:02:19.029301
1.179.175.90,AVAILABILITY,domains.list,2021-10-12 14:17:11.808164
1.132.108.23,AVAILABILITY,domains.list,2021-10-12 14:32:48.017937
101.91.228.231,AVAILABILITY,domains.list,2021-10-12 14:37:07.145087
101.205.148.100,AVAILABILITY,domains.list,2021-10-12 14:50:47.046192
101.91.235.19,AVAILABILITY,domains.list,2021-10-12 14:53:37.813423
101.205.144.5,AVAILABILITY,domains.list,2021-10-12 15:07:39.101001
101.205.148.20,AVAILABILITY,domains.list,2021-10-12 15:08:17.086399
101.205.148.50,AVAILABILITY,domains.list,2021-10-12 15:08:36.132921
101.205.148.53,AVAILABILITY,domains.list,2021-10-12 15:08:39.886277
103.119.78.35,AVAILABILITY,domains.list,2021-10-12 15:11:13.288983
103.21.148.164,AVAILABILITY,domains.list,2021-10-12 15:13:08.645866
101.89.146.173,AVAILABILITY,domains.list,2021-10-12 15:56:18.348454
1.132.111.145,AVAILABILITY,domains.list,2021-10-12 16:09:44.963902
101.205.144.37,AVAILABILITY,domains.list,2021-10-12 16:11:49.761512
101.205.148.119,AVAILABILITY,domains.list,2021-10-12 16:12:24.797479
1.85.216.18,AVAILABILITY,domains.list,2021-10-12 16:43:34.445312
101.224.50.202,AVAILABILITY,domains.list,2021-10-12 16:45:41.950251
101.91.234.101,AVAILABILITY,domains.list,2021-10-12 16:47:38.486834
1.132.109.162,AVAILABILITY,domains.list,2021-10-12 17:14:22.326397
1.83.115.249,AVAILABILITY,domains.list,2021-10-12 17:31:54.635296
101.205.144.23,AVAILABILITY,domains.list,2021-10-12 17:32:19.468495
101.205.144.31,AVAILABILITY,domains.list,2021-10-12 17:48:02.382122
103.99.1.254,AVAILABILITY,domains.list,2021-10-12 17:54:11.005532
101.28.93.224,AVAILABILITY,domains.list,2021-10-12 18:22:11.301271
106.52.242.87,AVAILABILITY,domains.list,2021-10-12 19:17:22.086051
103.134.241.127,AVAILABILITY,domains.list,2021-10-12 19:43:39.732976
1.190.169.85,AVAILABILITY,domains.list,2021-10-12 19:58:31.516009
109.122.37.144,AVAILABILITY,domains.list,2021-10-12 20:26:47.195758
109.133.143.188,AVAILABILITY,domains.list,2021-10-12 20:27:13.819726
101.89.200.2,AVAILABILITY,domains.list,2021-10-12 20:50:15.565156
101.205.148.14,AVAILABILITY,domains.list,2021-10-12 21:04:58.732564
101.205.144.30,AVAILABILITY,domains.list,2021-10-12 21:35:41.902211
101.205.148.109,AVAILABILITY,domains.list,2021-10-12 21:36:16.718669
101.91.230.62,AVAILABILITY,domains.list,2021-10-12 21:39:15.748328
103.6.236.43,AVAILABILITY,domains.list,2021-10-12 21:42:37.289407
1.9.216.130,AVAILABILITY,domains.list,2021-10-12 22:07:03.409249
101.205.144.3,AVAILABILITY,domains.list,2021-10-12 22:07:27.507126
101.205.148.77,AVAILABILITY,domains.list,2021-10-12 22:08:36.539627
101.205.148.81,AVAILABILITY,domains.list,2021-10-12 22:08:41.254177
101.89.176.107,AVAILABILITY,domains.list,2021-10-12 22:09:46.663772
101.89.198.171,AVAILABILITY,domains.list,2021-10-12 22:10:19.864972
101.89.210.72,AVAILABILITY,domains.list,2021-10-12 22:10:49.847256
101.91.183.156,AVAILABILITY,domains.list,2021-10-12 22:11:26.705563
101.91.230.221,AVAILABILITY,domains.list,2021-10-12 22:12:11.209237
106.91.244.250,AVAILABILITY,domains.list,2021-10-12 22:34:52.892866
101.89.197.226,AVAILABILITY,domains.list,2021-10-12 23:13:38.810633
101.91.177.86,AVAILABILITY,domains.list,2021-10-12 23:30:11.174507
101.205.144.11,AVAILABILITY,domains.list,2021-10-13 00:17:03.142818
101.91.230.42,AVAILABILITY,domains.list,2021-10-13 00:20:42.760771
103.114.0.3,AVAILABILITY,domains.list,2021-10-13 00:55:52.813193
104.248.63.213,AVAILABILITY,domains.list,2021-10-13 01:01:27.349127
1.71.133.58,AVAILABILITY,domains.list,2021-10-13 01:06:59.598584
106.85.200.173,AVAILABILITY,domains.list,2021-10-13 01:19:04.545742
1.55.242.188,AVAILABILITY,domains.list,2021-10-13 01:55:13.088077
101.83.213.25,AVAILABILITY,domains.list,2021-10-13 01:58:18.274822
101.205.148.32,AVAILABILITY,domains.list,2021-10-13 02:12:09.663047
101.89.177.144,AVAILABILITY,domains.list,2021-10-13 02:13:46.178570
101.205.148.75,AVAILABILITY,domains.list,2021-10-13 02:45:16.361833
101.228.21.74,AVAILABILITY,domains.list,2021-10-13 03:01:23.763560
104.152.58.66,AVAILABILITY,domains.list,2021-10-13 03:07:13.353264
101.89.201.221,AVAILABILITY,domains.list,2021-10-13 03:36:33.645062
101.205.151.1,AVAILABILITY,domains.list,2021-10-13 04:39:22.819591
1.204.106.62,AVAILABILITY,domains.list,2021-10-13 05:25:24.868975
105.174.30.162,AVAILABILITY,domains.list,2021-10-13 05:34:27.104366
103.248.42.88,AVAILABILITY,domains.list,2021-10-13 06:20:55.131080
104.248.145.59,AVAILABILITY,domains.list,2021-10-13 06:23:43.773299
103.161.16.161,AVAILABILITY,domains.list,2021-10-13 06:52:19.527639
103.134.112.249,AVAILABILITY,domains.list,2021-10-13 07:06:40.194994
102.114.46.194,AVAILABILITY,domains.list,2021-10-13 08:10:09.766587
103.100.159.118,AVAILABILITY,domains.list,2021-10-13 08:10:14.874738
101.89.213.203,AVAILABILITY,domains.list,2021-10-13 08:25:34.563538
1.70.32.230,AVAILABILITY,domains.list,2021-10-13 08:54:16.363137
101.91.229.102,AVAILABILITY,domains.list,2021-10-13 09:14:33.532896
103.127.50.32,AVAILABILITY,domains.list,2021-10-13 09:46:51.658156
101.91.201.138,AVAILABILITY,domains.list,2021-10-13 10:01:33.656349
103.153.79.225,AVAILABILITY,domains.list,2021-10-13 10:03:28.000808
101.89.176.78,AVAILABILITY,domains.list,2021-10-13 10:49:01.515672
1.190.118.213,AVAILABILITY,domains.list,2021-10-13 11:19:41.207507
101.205.144.18,AVAILABILITY,domains.list,2021-10-13 11:20:54.228117
101.89.199.156,AVAILABILITY,domains.list,2021-10-13 12:11:13.349001
103.100.136.249,AVAILABILITY,domains.list,2021-10-13 12:12:56.241734
1.117.165.133,AVAILABILITY,domains.list,2021-10-13 12:21:45.116520
101.205.144.22,AVAILABILITY,domains.list,2021-10-13 12:23:51.104637
106.225.251.172,AVAILABILITY,domains.list,2021-10-13 13:06:48.076060
103.71.53.231,AVAILABILITY,domains.list,2021-10-13 13:35:44.945347
101.205.144.74,AVAILABILITY,domains.list,2021-10-13 14:15:24.879580
101.89.183.143,AVAILABILITY,domains.list,2021-10-13 14:34:47.264191
101.91.114.114,AVAILABILITY,domains.list,2021-10-13 15:55:22.003013
101.91.181.33,AVAILABILITY,domains.list,2021-10-13 15:55:58.069847
103.82.9.1,AVAILABILITY,domains.list,2021-10-13 16:31:01.847352
103.124.106.120,AVAILABILITY,domains.list,2021-10-13 17:00:11.437524
101.229.97.201,AVAILABILITY,domains.list,2021-10-13 17:45:51.061210
103.154.37.151,AVAILABILITY,domains.list,2021-10-13 17:50:27.028089
103.69.20.154,AVAILABILITY,domains.list,2021-10-13 18:05:47.196577
1.85.216.152,AVAILABILITY,domains.list,2021-10-13 18:47:01.757560
103.206.130.178,AVAILABILITY,domains.list,2021-10-13 19:09:28.952858
105.28.108.165,AVAILABILITY,domains.list,2021-10-13 19:58:51.825963
106.75.232.115,AVAILABILITY,domains.list,2021-10-13 20:00:14.280168
103.195.236.150,AVAILABILITY,domains.list,2021-10-13 22:20:40.009007
103.91.180.153,AVAILABILITY,domains.list,2021-10-13 22:36:38.260542
102.67.3.210,AVAILABILITY,domains.list,2021-10-13 22:50:25.372046
103.155.194.109,AVAILABILITY,domains.list,2021-10-13 22:52:06.885605
103.194.248.157,AVAILABILITY,domains.list,2021-10-13 22:52:54.799466
103.96.12.146,AVAILABILITY,domains.list,2021-10-13 22:55:12.526237
103.96.12.69,AVAILABILITY,domains.list,2021-10-13 22:55:21.781130
103.87.238.102,AVAILABILITY,domains.list,2021-10-13 23:10:03.067585
101.91.201.134,AVAILABILITY,domains.list,2021-10-13 23:20:24.788571
103.112.86.174,AVAILABILITY,domains.list,2021-10-14 00:57:51.928533
103.87.207.188,AVAILABILITY,domains.list,2021-10-14 01:01:04.558144
1.85.216.115,AVAILABILITY,domains.list,2021-10-14 01:59:03.431714
1.85.218.106,AVAILABILITY,domains.list,2021-10-14 01:59:37.413575
102.132.76.29,AVAILABILITY,domains.list,2021-10-14 02:51:12.644067
1.15.122.83,AVAILABILITY,domains.list,2021-10-14 03:18:51.777359
103.238.106.163,AVAILABILITY,domains.list,2021-10-14 03:27:29.977389
101.229.124.24,AVAILABILITY,domains.list,2021-10-14 04:56:52.593198
103.96.13.22,AVAILABILITY,domains.list,2021-10-14 06:55:37.426721
104.214.91.189,AVAILABILITY,domains.list,2021-10-14 09:05:42.892288
101.87.220.122,AVAILABILITY,domains.list,2021-10-14 09:48:14.900728
103.154.101.21,AVAILABILITY,domains.list,2021-10-14 09:51:49.622503
101.255.118.129,AVAILABILITY,domains.list,2021-10-14 10:19:56.291258
102.39.21.146,AVAILABILITY,domains.list,2021-10-14 10:22:35.376585
103.103.143.63,AVAILABILITY,domains.list,2021-10-14 10:22:46.824910
103.112.44.66,AVAILABILITY,domains.list,2021-10-14 10:22:56.310830
103.127.21.42,AVAILABILITY,domains.list,2021-10-14 10:23:17.844317
103.255.123.129,AVAILABILITY,domains.list,2021-10-14 10:25:05.036148
103.73.224.35,AVAILABILITY,domains.list,2021-10-14 10:25:34.217890
104.211.2.147,AVAILABILITY,domains.list,2021-10-14 10:27:21.248750
103.115.128.190,AVAILABILITY,domains.list,2021-10-14 10:38:56.094736
103.251.51.225,AVAILABILITY,domains.list,2021-10-14 10:41:28.109109
103.98.78.196,AVAILABILITY,domains.list,2021-10-14 10:43:01.871216
106.52.221.222,AVAILABILITY,domains.list,2021-10-14 10:46:11.892347
103.169.186.65,AVAILABILITY,domains.list,2021-10-14 11:12:49.992062
102.164.29.186,AVAILABILITY,domains.list,2021-10-14 11:25:29.504991
103.154.101.11,AVAILABILITY,domains.list,2021-10-14 11:26:44.797301
103.230.230.226,AVAILABILITY,domains.list,2021-10-14 11:27:39.099303
103.154.101.23,AVAILABILITY,domains.list,2021-10-14 11:43:27.702432
103.249.233.237,AVAILABILITY,domains.list,2021-10-14 12:50:07.674076
103.134.42.226,AVAILABILITY,domains.list,2021-10-14 13:23:52.746665
103.237.57.96,AVAILABILITY,domains.list,2021-10-14 13:25:52.775976
103.105.76.21,AVAILABILITY,domains.list,2021-10-14 14:09:05.865507
1.188.193.186,AVAILABILITY,domains.list,2021-10-14 14:35:58.820262
103.144.43.203,AVAILABILITY,domains.list,2021-10-14 15:15:30.939769
103.77.37.133,AVAILABILITY,domains.list,2021-10-14 15:34:14.618079
106.201.243.230,AVAILABILITY,domains.list,2021-10-14 15:52:10.948986
101.91.177.39,AVAILABILITY,domains.list,2021-10-14 16:00:58.573795
104.41.213.221,AVAILABILITY,domains.list,2021-10-14 16:08:14.548143
104.43.175.33,AVAILABILITY,domains.list,2021-10-14 16:08:35.938143
104.43.227.198,AVAILABILITY,domains.list,2021-10-14 16:08:57.478165
104.43.228.77,AVAILABILITY,domains.list,2021-10-14 16:09:18.805341
104.43.236.179,AVAILABILITY,domains.list,2021-10-14 16:09:40.031483
101.224.163.60,AVAILABILITY,domains.list,2021-10-14 16:14:46.078260
103.154.101.12,AVAILABILITY,domains.list,2021-10-14 16:53:27.454810
103.81.3.57,AVAILABILITY,domains.list,2021-10-14 16:55:54.986146
106.85.201.54,AVAILABILITY,domains.list,2021-10-14 18:04:42.481996
1.83.114.178,AVAILABILITY,domains.list,2021-10-14 18:24:23.797028
101.35.112.134,AVAILABILITY,domains.list,2021-10-14 18:26:32.913020
103.105.236.28,AVAILABILITY,domains.list,2021-10-14 18:45:04.699412
103.47.216.19,AVAILABILITY,domains.list,2021-10-14 18:47:58.497646
1.85.216.137,AVAILABILITY,domains.list,2021-10-14 20:49:24.249315
103.144.18.198,AVAILABILITY,domains.list,2021-10-14 21:10:25.892051
101.74.58.185,AVAILABILITY,domains.list,2021-10-14 22:27:29.542506
103.149.127.253,AVAILABILITY,domains.list,2021-10-14 22:31:36.198723
1.145.81.179,AVAILABILITY,domains.list,2021-10-14 22:39:15.652926
103.146.17.129,AVAILABILITY,domains.list,2021-10-14 22:47:05.680280
103.154.101.22,AVAILABILITY,domains.list,2021-10-14 23:19:19.951086
103.72.100.69,AVAILABILITY,domains.list,2021-10-14 23:53:40.237669
103.72.100.0,AVAILABILITY,domains.list,2021-10-15 00:25:30.343246
103.237.58.164,AVAILABILITY,domains.list,2021-10-15 00:56:05.993066
1.80.218.2,AVAILABILITY,domains.list,2021-10-15 01:54:14.094209
103.200.84.0,AVAILABILITY,domains.list,2021-10-15 02:32:42.678188
103.100.159.130,AVAILABILITY,domains.list,2021-10-15 02:56:23.629288
1.22.180.67,AVAILABILITY,domains.list,2021-10-15 03:16:26.110576
103.134.240.250,AVAILABILITY,domains.list,2021-10-15 03:22:42.197392
103.192.80.132,AVAILABILITY,domains.list,2021-10-15 03:24:19.227345
104.245.96.208,AVAILABILITY,domains.list,2021-10-15 03:27:44.987843
1.52.46.193,AVAILABILITY,domains.list,2021-10-15 03:43:59.239080
101.94.189.228,AVAILABILITY,domains.list,2021-10-15 03:48:40.888459
1.52.46.0,AVAILABILITY,domains.list,2021-10-15 04:11:38.383995
101.228.23.253,AVAILABILITY,domains.list,2021-10-15 04:44:22.700335
101.16.42.110,AVAILABILITY,domains.list,2021-10-15 06:59:28.394299
1.85.218.46,AVAILABILITY,domains.list,2021-10-15 07:24:45.745538
107.189.13.23,AVAILABILITY,domains.list,2021-10-15 07:37:05.834575
103.39.233.105,AVAILABILITY,domains.list,2021-10-15 08:26:44.988269
103.94.67.94,AVAILABILITY,domains.list,2021-10-15 09:04:25.792065
101.93.37.50,AVAILABILITY,domains.list,2021-10-15 09:26:38.027809
101.93.83.61,AVAILABILITY,domains.list,2021-10-15 09:26:59.322184
103.206.136.20,AVAILABILITY,domains.list,2021-10-15 09:29:26.227806
103.147.208.22,AVAILABILITY,domains.list,2021-10-15 09:50:56.795461
103.45.116.11,AVAILABILITY,domains.list,2021-10-15 10:35:18.543419
104.45.144.223,AVAILABILITY,domains.list,2021-10-15 11:03:14.353951
101.229.87.37,AVAILABILITY,domains.list,2021-10-15 12:13:55.156625
103.72.144.202,AVAILABILITY,domains.list,2021-10-15 12:20:33.477403
106.55.18.84,AVAILABILITY,domains.list,2021-10-15 13:39:32.974099
103.251.49.29,AVAILABILITY,domains.list,2021-10-15 14:06:17.112394
107.189.1.189,AVAILABILITY,domains.list,2021-10-15 14:40:19.315698
1.227.80.65,AVAILABILITY,domains.list,2021-10-15 15:13:15.582805
103.204.160.0,AVAILABILITY,domains.list,2021-10-15 16:20:43.440151
103.204.160.44,AVAILABILITY,domains.list,2021-10-15 16:20:46.239964
103.77.127.22,AVAILABILITY,domains.list,2021-10-15 16:47:41.838518
103.62.155.227,AVAILABILITY,domains.list,2021-10-15 17:28:21.297517
1.243.171.82,AVAILABILITY,domains.list,2021-10-15 18:26:44.318088
103.201.127.195,AVAILABILITY,domains.list,2021-10-15 20:59:32.103782
107.150.100.6,AVAILABILITY,domains.list,2021-10-15 21:05:45.049638
103.73.212.145,AVAILABILITY,domains.list,2021-10-15 21:27:16.190221
103.121.210.75,AVAILABILITY,domains.list,2021-10-15 21:49:33.726833
1.85.219.175,AVAILABILITY,domains.list,2021-10-15 22:26:20.805911
104.211.34.172,AVAILABILITY,domains.list,2021-10-15 22:36:41.589163
102.152.27.85,AVAILABILITY,domains.list,2021-10-15 22:56:10.641739
104.131.78.154,AVAILABILITY,domains.list,2021-10-15 23:40:32.999763
104.131.41.12,AVAILABILITY,domains.list,2021-10-16 00:06:55.925829
104.131.52.145,AVAILABILITY,domains.list,2021-10-16 00:06:58.562336
104.131.83.177,AVAILABILITY,domains.list,2021-10-16 00:07:02.216363
104.131.91.172,AVAILABILITY,domains.list,2021-10-16 00:07:03.778053
104.131.99.141,AVAILABILITY,domains.list,2021-10-16 00:07:06.212844
104.131.78.135,AVAILABILITY,domains.list,2021-10-16 00:33:11.210512
104.131.91.91,AVAILABILITY,domains.list,2021-10-16 00:33:15.770518
1.245.37.31,AVAILABILITY,domains.list,2021-10-16 00:52:04.254464
1.83.154.93,AVAILABILITY,domains.list,2021-10-16 02:30:25.552592
103.149.249.90,AVAILABILITY,domains.list,2021-10-16 03:21:59.212193
1.25.208.31,AVAILABILITY,domains.list,2021-10-16 04:27:36.617550
103.239.165.29,AVAILABILITY,domains.list,2021-10-16 04:34:01.130939
103.77.42.244,AVAILABILITY,domains.list,2021-10-16 05:06:31.743853
104.131.75.197,AVAILABILITY,domains.list,2021-10-16 05:07:13.642760
104.131.75.252,AVAILABILITY,domains.list,2021-10-16 05:07:15.362296
104.131.76.5,AVAILABILITY,domains.list,2021-10-16 05:07:16.912799
104.131.78.150,AVAILABILITY,domains.list,2021-10-16 05:07:19.412876
104.131.81.110,AVAILABILITY,domains.list,2021-10-16 05:07:21.868302
104.131.91.168,AVAILABILITY,domains.list,2021-10-16 05:07:24.191917
103.69.20.157,AVAILABILITY,domains.list,2021-10-16 05:39:58.134653
104.131.58.156,AVAILABILITY,domains.list,2021-10-16 05:41:06.806364
101.228.20.136,AVAILABILITY,domains.list,2021-10-16 06:07:17.750021
102.66.143.164,AVAILABILITY,domains.list,2021-10-16 07:12:34.058605
103.127.57.34,AVAILABILITY,domains.list,2021-10-16 07:13:47.082429
101.35.140.16,AVAILABILITY,domains.list,2021-10-16 07:43:33.181446
103.144.148.95,AVAILABILITY,domains.list,2021-10-16 09:09:17.180676
104.131.81.108,AVAILABILITY,domains.list,2021-10-16 09:42:34.919476
104.131.72.40,AVAILABILITY,domains.list,2021-10-16 10:08:30.502439
101.35.128.250,AVAILABILITY,domains.list,2021-10-16 10:29:42.632753
104.131.52.136,AVAILABILITY,domains.list,2021-10-16 10:36:36.769740
105.235.134.46,AVAILABILITY,domains.list,2021-10-16 10:39:51.529993
104.131.41.47,AVAILABILITY,domains.list,2021-10-16 11:03:52.082656
1.80.230.59,AVAILABILITY,domains.list,2021-10-16 11:48:10.249165
104.131.60.244,AVAILABILITY,domains.list,2021-10-16 11:55:22.456925
104.131.41.45,AVAILABILITY,domains.list,2021-10-16 12:25:19.424747
107.189.12.66,AVAILABILITY,domains.list,2021-10-16 12:57:13.246427
101.71.236.115,AVAILABILITY,domains.list,2021-10-16 15:34:34.149960
104.227.59.254,AVAILABILITY,domains.list,2021-10-16 16:53:34.378022
109.130.189.38,AVAILABILITY,domains.list,2021-10-16 17:32:51.460560
104.131.91.131,AVAILABILITY,domains.list,2021-10-16 17:41:51.589783
106.15.121.224,AVAILABILITY,domains.list,2021-10-16 17:43:32.988467
109.162.245.36,AVAILABILITY,domains.list,2021-10-16 17:50:28.454413
109.172.155.27,AVAILABILITY,domains.list,2021-10-16 17:50:50.978644
103.144.148.90,AVAILABILITY,domains.list,2021-10-16 18:11:54.999736
104.131.53.130,AVAILABILITY,domains.list,2021-10-16 18:14:59.264260
109.248.190.181,AVAILABILITY,domains.list,2021-10-16 18:54:45.999110
103.81.169.155,AVAILABILITY,domains.list,2021-10-16 20:21:59.512129
102.152.149.116,AVAILABILITY,domains.list,2021-10-16 21:06:46.814438
1.85.218.217,AVAILABILITY,domains.list,2021-10-16 21:38:01.468291
104.131.99.146,AVAILABILITY,domains.list,2021-10-16 22:15:51.034774
105.105.17.72,AVAILABILITY,domains.list,2021-10-16 22:17:44.938925
103.97.201.132,AVAILABILITY,domains.list,2021-10-16 22:46:33.912828
1.58.220.216,AVAILABILITY,domains.list,2021-10-16 23:29:24.021393
104.244.231.142,AVAILABILITY,domains.list,2021-10-16 23:35:41.786663
103.205.183.16,AVAILABILITY,domains.list,2021-10-17 00:37:32.573579
102.69.146.168,AVAILABILITY,domains.list,2021-10-17 01:23:39.522171
104.131.84.124,AVAILABILITY,domains.list,2021-10-17 01:42:21.866345
103.141.137.105,AVAILABILITY,domains.list,2021-10-17 02:11:37.041751
101.33.34.34,AVAILABILITY,domains.list,2021-10-17 03:16:09.344880
1.85.216.138,AVAILABILITY,domains.list,2021-10-17 04:52:13.847657
101.75.215.16,AVAILABILITY,domains.list,2021-10-17 06:28:02.314179
111.178.186.245,AVAILABILITY,domains.list,2021-10-17 07:12:18.919337
103.154.105.65,AVAILABILITY,domains.list,2021-10-17 07:18:17.965578
102.152.136.196,AVAILABILITY,domains.list,2021-10-17 07:32:58.700976
1.20.94.113,AVAILABILITY,domains.list,2021-10-17 07:46:56.673730
1.20.94.0,AVAILABILITY,domains.list,2021-10-17 08:19:19.311575
103.247.4.0,AVAILABILITY,domains.list,2021-10-17 08:23:56.677756
103.206.10.250,AVAILABILITY,domains.list,2021-10-17 08:38:07.875878
1.62.106.172,AVAILABILITY,domains.list,2021-10-17 09:23:17.746074
1.15.226.70,AVAILABILITY,domains.list,2021-10-17 09:38:14.042158
103.41.198.241,AVAILABILITY,domains.list,2021-10-17 09:43:12.739153
107.155.50.159,AVAILABILITY,domains.list,2021-10-17 09:48:04.134317
108.30.135.76,AVAILABILITY,domains.list,2021-10-17 09:49:41.426520
101.64.136.24,AVAILABILITY,domains.list,2021-10-17 11:08:27.442319
103.148.245.190,AVAILABILITY,domains.list,2021-10-17 11:10:14.699161
103.149.201.153,AVAILABILITY,domains.list,2021-10-17 11:25:28.403981
111.23.30.83,AVAILABILITY,domains.list,2021-10-17 12:57:29.953922
1.20.47.204,AVAILABILITY,domains.list,2021-10-17 13:16:11.367864
103.47.217.57,AVAILABILITY,domains.list,2021-10-17 13:36:28.347369
107.150.97.140,AVAILABILITY,domains.list,2021-10-17 15:02:50.205908
101.35.24.138,AVAILABILITY,domains.list,2021-10-17 16:30:05.604925
104.131.41.243,AVAILABILITY,domains.list,2021-10-17 16:49:22.171556
103.121.62.139,AVAILABILITY,domains.list,2021-10-17 17:20:09.075318
103.230.104.33,AVAILABILITY,domains.list,2021-10-17 17:22:13.029799
103.239.6.246,AVAILABILITY,domains.list,2021-10-17 19:13:26.413932
1.53.144.112,AVAILABILITY,domains.list,2021-10-17 21:00:49.114250
103.41.198.237,AVAILABILITY,domains.list,2021-10-17 21:05:49.864754
107.150.117.3,AVAILABILITY,domains.list,2021-10-17 21:10:34.871685
103.121.154.165,AVAILABILITY,domains.list,2021-10-17 21:20:33.481078
103.166.247.63,AVAILABILITY,domains.list,2021-10-17 21:21:45.717381
1.14.77.81,AVAILABILITY,domains.list,2021-10-17 21:34:04.518934
1.62.103.241,AVAILABILITY,domains.list,2021-10-17 21:35:41.894233
1.52.213.251,AVAILABILITY,domains.list,2021-10-17 22:23:14.347569
104.248.164.10,AVAILABILITY,domains.list,2021-10-18 00:54:56.889771
103.97.201.195,AVAILABILITY,domains.list,2021-10-18 01:07:52.610629
103.144.10.129,AVAILABILITY,domains.list,2021-10-18 02:41:50.518617
1.32.57.85,AVAILABILITY,domains.list,2021-10-18 03:27:06.558964
103.112.206.161,AVAILABILITY,domains.list,2021-10-18 03:29:38.133529
101.66.137.221,AVAILABILITY,domains.list,2021-10-18 04:00:56.412190
102.69.79.243,AVAILABILITY,domains.list,2021-10-18 04:02:08.243114
103.131.187.70,AVAILABILITY,domains.list,2021-10-18 04:03:10.661239
103.209.176.143,AVAILABILITY,domains.list,2021-10-18 04:20:07.757543
103.100.12.1,AVAILABILITY,domains.list,2021-10-18 05:05:08.244691
103.136.187.153,AVAILABILITY,domains.list,2021-10-18 05:05:51.240275
102.134.17.14,AVAILABILITY,domains.list,2021-10-18 06:09:40.540169
105.208.44.53,AVAILABILITY,domains.list,2021-10-18 06:15:30.073803
1.85.219.168,AVAILABILITY,domains.list,2021-10-18 06:24:31.770655
103.231.80.242,AVAILABILITY,domains.list,2021-10-18 06:43:24.127510
103.81.26.74,AVAILABILITY,domains.list,2021-10-18 07:33:54.453698
106.202.130.114,AVAILABILITY,domains.list,2021-10-18 07:51:22.283028
106.75.156.194,AVAILABILITY,domains.list,2021-10-18 08:24:35.792542
103.209.229.54,AVAILABILITY,domains.list,2021-10-18 08:36:43.724855
103.221.228.50,AVAILABILITY,domains.list,2021-10-18 09:24:25.131246
103.141.108.113,AVAILABILITY,domains.list,2021-10-18 11:17:09.686096
1.20.104.183,AVAILABILITY,domains.list,2021-10-18 12:35:42.718018
102.152.50.160,AVAILABILITY,domains.list,2021-10-18 13:42:37.187101
103.97.201.193,AVAILABILITY,domains.list,2021-10-18 14:01:59.639494
103.127.63.57,AVAILABILITY,domains.list,2021-10-18 15:24:33.822621
103.107.77.38,AVAILABILITY,domains.list,2021-10-18 15:54:58.800206
1.116.131.194,AVAILABILITY,domains.list,2021-10-18 16:06:32.122604
101.80.169.211,AVAILABILITY,domains.list,2021-10-18 16:57:25.028589
103.226.144.245,AVAILABILITY,domains.list,2021-10-18 17:17:10.220368
102.67.13.122,AVAILABILITY,domains.list,2021-10-18 17:30:32.105986
103.144.148.53,AVAILABILITY,domains.list,2021-10-18 18:19:03.277596
103.97.201.4,AVAILABILITY,domains.list,2021-10-18 20:13:09.788627
103.97.201.130,AVAILABILITY,domains.list,2021-10-18 21:17:29.209394
1.20.203.246,AVAILABILITY,domains.list,2021-10-18 21:26:12.134439
103.122.246.188,AVAILABILITY,domains.list,2021-10-18 21:30:44.386164
103.88.46.190,AVAILABILITY,domains.list,2021-10-18 21:33:57.764380
102.66.143.138,AVAILABILITY,domains.list,2021-10-18 22:01:07.414425
103.204.7.32,AVAILABILITY,domains.list,2021-10-18 22:03:02.927983
103.5.127.132,AVAILABILITY,domains.list,2021-10-18 22:35:44.394727
1.54.239.22,AVAILABILITY,domains.list,2021-10-18 23:48:46.151885
106.35.186.44,AVAILABILITY,domains.list,2021-10-19 00:30:50.220190
106.35.185.171,AVAILABILITY,domains.list,2021-10-19 00:46:27.696535
103.53.112.215,AVAILABILITY,domains.list,2021-10-19 01:30:16.668616
1.129.23.231,AVAILABILITY,domains.list,2021-10-19 01:38:52.328545
103.102.141.39,AVAILABILITY,domains.list,2021-10-19 01:43:26.638990
103.162.238.108,AVAILABILITY,domains.list,2021-10-19 01:45:01.611554
101.42.97.52,AVAILABILITY,domains.list,2021-10-19 02:12:38.666277
103.96.13.48,AVAILABILITY,domains.list,2021-10-19 03:06:10.820258
103.149.194.13,AVAILABILITY,domains.list,2021-10-19 03:34:17.679020
103.82.146.162,AVAILABILITY,domains.list,2021-10-19 03:36:47.612710
106.84.199.91,AVAILABILITY,domains.list,2021-10-19 03:56:44.067974
103.143.195.189,AVAILABILITY,domains.list,2021-10-19 04:21:05.517324
103.214.169.83,AVAILABILITY,domains.list,2021-10-19 04:22:14.076391
103.114.106.176,AVAILABILITY,domains.list,2021-10-19 05:22:54.986506
103.111.137.94,AVAILABILITY,domains.list,2021-10-19 05:41:16.553349
1.145.45.156,AVAILABILITY,domains.list,2021-10-19 06:22:16.385553
103.81.117.122,AVAILABILITY,domains.list,2021-10-19 06:56:44.606382
103.101.3.251,AVAILABILITY,domains.list,2021-10-19 07:30:23.695278
103.66.177.239,AVAILABILITY,domains.list,2021-10-19 08:07:34.803154
102.141.119.143,AVAILABILITY,domains.list,2021-10-19 08:36:43.758443
103.135.202.116,AVAILABILITY,domains.list,2021-10-19 08:37:48.558665
1.20.198.9,AVAILABILITY,domains.list,2021-10-19 09:16:36.372333
103.121.195.36,AVAILABILITY,domains.list,2021-10-19 09:53:16.042781
101.80.160.72,AVAILABILITY,domains.list,2021-10-19 11:13:06.806948
103.250.71.33,AVAILABILITY,domains.list,2021-10-19 11:17:22.751338
1.243.170.217,AVAILABILITY,domains.list,2021-10-19 11:58:01.357383
103.122.64.225,AVAILABILITY,domains.list,2021-10-19 12:01:50.133662
103.149.22.10,AVAILABILITY,domains.list,2021-10-19 12:42:46.486236
104.131.83.55,AVAILABILITY,domains.list,2021-10-19 13:36:36.274737
102.152.158.39,AVAILABILITY,domains.list,2021-10-19 15:22:24.195391
1.83.114.19,AVAILABILITY,domains.list,2021-10-19 16:05:45.112854
103.207.42.245,AVAILABILITY,domains.list,2021-10-19 16:11:28.689903
1.194.181.236,AVAILABILITY,domains.list,2021-10-19 16:41:48.856827
103.239.54.124,AVAILABILITY,domains.list,2021-10-19 17:59:21.745763
103.85.25.140,AVAILABILITY,domains.list,2021-10-19 19:34:57.364292
103.97.179.182,AVAILABILITY,domains.list,2021-10-19 19:35:19.391097
1.83.125.41,AVAILABILITY,domains.list,2021-10-19 20:06:05.556717
104.131.110.39,AVAILABILITY,domains.list,2021-10-19 21:18:55.605779
102.133.181.7,AVAILABILITY,domains.list,2021-10-19 21:45:26.795403
103.167.150.149,AVAILABILITY,domains.list,2021-10-19 22:34:02.697420
104.248.157.13,AVAILABILITY,domains.list,2021-10-19 22:37:33.646722
101.36.109.221,AVAILABILITY,domains.list,2021-10-19 22:47:25.296518
102.223.81.177,AVAILABILITY,domains.list,2021-10-20 00:23:38.426509
102.66.235.139,AVAILABILITY,domains.list,2021-10-20 00:24:04.160408
103.36.11.122,AVAILABILITY,domains.list,2021-10-20 01:13:38.938797
103.123.86.61,AVAILABILITY,domains.list,2021-10-20 03:34:03.434992
102.66.232.216,AVAILABILITY,domains.list,2021-10-20 03:50:01.777201
103.156.248.25,AVAILABILITY,domains.list,2021-10-20 03:51:13.073442
103.119.107.6,AVAILABILITY,domains.list,2021-10-20 05:25:36.885411
1.47.129.167,AVAILABILITY,domains.list,2021-10-20 05:39:16.882366
106.12.172.183,AVAILABILITY,domains.list,2021-10-20 05:47:56.579784
106.85.200.234,AVAILABILITY,domains.list,2021-10-20 06:05:39.858729
1.203.66.2,AVAILABILITY,domains.list,2021-10-20 06:10:48.111334
103.200.31.20,AVAILABILITY,domains.list,2021-10-20 07:18:56.997522
103.115.125.194,AVAILABILITY,domains.list,2021-10-20 07:33:22.325778
101.93.108.5,AVAILABILITY,domains.list,2021-10-20 08:04:50.048121
106.193.124.190,AVAILABILITY,domains.list,2021-10-20 08:43:45.311341
105.212.59.124,AVAILABILITY,domains.list,2021-10-20 09:13:33.818382
1.53.69.129,AVAILABILITY,domains.list,2021-10-20 09:38:44.982637
101.204.85.112,AVAILABILITY,domains.list,2021-10-20 10:10:39.870619
103.122.85.54,AVAILABILITY,domains.list,2021-10-20 10:28:50.490121
1.20.169.4,AVAILABILITY,domains.list,2021-10-20 10:41:04.998358
101.229.82.177,AVAILABILITY,domains.list,2021-10-20 10:42:27.049890
101.86.100.168,AVAILABILITY,domains.list,2021-10-20 11:31:03.901874
102.140.217.16,AVAILABILITY,domains.list,2021-10-20 12:18:54.143793
106.14.22.73,AVAILABILITY,domains.list,2021-10-20 12:25:54.398348
101.34.55.157,AVAILABILITY,domains.list,2021-10-20 14:10:38.987774
106.240.89.60,AVAILABILITY,domains.list,2021-10-20 14:18:17.204267
102.152.57.229,AVAILABILITY,domains.list,2021-10-20 14:27:30.551707
1.52.163.214,AVAILABILITY,domains.list,2021-10-20 14:41:58.458677
103.140.75.11,AVAILABILITY,domains.list,2021-10-20 14:44:37.874566
103.159.243.114,AVAILABILITY,domains.list,2021-10-20 14:45:37.936716
103.73.222.5,AVAILABILITY,domains.list,2021-10-20 14:47:45.310932
103.151.125.186,AVAILABILITY,domains.list,2021-10-20 15:00:02.805843
103.73.101.130,AVAILABILITY,domains.list,2021-10-20 15:48:55.580529
101.205.151.114,AVAILABILITY,domains.list,2021-10-20 16:36:50.289090
101.205.144.56,AVAILABILITY,domains.list,2021-10-20 17:08:39.876718
103.91.123.139,AVAILABILITY,domains.list,2021-10-20 17:46:23.567887
101.205.144.60,AVAILABILITY,domains.list,2021-10-20 18:13:53.323298
101.205.144.70,AVAILABILITY,domains.list,2021-10-20 18:29:38.797495
101.91.124.112,AVAILABILITY,domains.list,2021-10-20 18:30:47.272988
101.205.144.87,AVAILABILITY,domains.list,2021-10-20 18:45:14.539116
101.205.148.125,AVAILABILITY,domains.list,2021-10-20 18:45:18.427936
101.91.126.220,AVAILABILITY,domains.list,2021-10-20 18:46:33.834643
106.80.115.89,AVAILABILITY,domains.list,2021-10-20 18:53:33.277635
101.89.141.232,AVAILABILITY,domains.list,2021-10-20 19:02:42.103029
106.80.115.84,AVAILABILITY,domains.list,2021-10-20 19:10:31.649519
101.89.116.144,AVAILABILITY,domains.list,2021-10-20 19:18:50.360588
101.91.240.7,AVAILABILITY,domains.list,2021-10-20 19:19:27.217703
106.80.115.135,AVAILABILITY,domains.list,2021-10-20 19:28:01.526700
101.205.144.88,AVAILABILITY,domains.list,2021-10-20 19:33:16.580114
103.140.8.34,AVAILABILITY,domains.list,2021-10-20 19:35:15.214946
106.83.195.122,AVAILABILITY,domains.list,2021-10-20 19:41:34.173030
101.205.151.44,AVAILABILITY,domains.list,2021-10-20 20:05:07.564942
103.154.37.94,AVAILABILITY,domains.list,2021-10-20 20:08:04.196298
1.80.216.118,AVAILABILITY,domains.list,2021-10-20 20:22:56.484597
101.205.144.45,AVAILABILITY,domains.list,2021-10-20 20:23:33.089584
105.96.104.71,AVAILABILITY,domains.list,2021-10-20 20:47:18.045883
1.6.64.146,AVAILABILITY,domains.list,2021-10-20 20:54:19.137619
101.205.144.57,AVAILABILITY,domains.list,2021-10-20 20:55:06.265920
101.205.144.69,AVAILABILITY,domains.list,2021-10-20 20:55:15.134486
101.205.151.45,AVAILABILITY,domains.list,2021-10-20 20:55:38.526946
101.205.151.95,AVAILABILITY,domains.list,2021-10-20 20:55:46.216008
103.170.118.38,AVAILABILITY,domains.list,2021-10-20 20:59:23.939334
1.83.112.219,AVAILABILITY,domains.list,2021-10-20 21:10:24.075650
101.205.151.124,AVAILABILITY,domains.list,2021-10-20 21:11:21.802424
103.132.217.71,AVAILABILITY,domains.list,2021-10-20 21:13:26.930885
106.91.247.207,AVAILABILITY,domains.list,2021-10-20 21:20:46.095558
101.205.144.95,AVAILABILITY,domains.list,2021-10-20 21:26:58.091376
101.205.151.29,AVAILABILITY,domains.list,2021-10-20 21:27:18.889265
101.205.148.68,AVAILABILITY,domains.list,2021-10-20 21:43:17.403276
101.205.151.121,AVAILABILITY,domains.list,2021-10-20 21:43:23.818852
101.205.151.50,AVAILABILITY,domains.list,2021-10-20 21:59:00.897055
101.205.151.61,AVAILABILITY,domains.list,2021-10-20 21:59:04.022834
101.205.151.79,AVAILABILITY,domains.list,2021-10-20 21:59:07.003917
101.68.57.179,AVAILABILITY,domains.list,2021-10-20 22:00:11.009173
101.205.151.107,AVAILABILITY,domains.list,2021-10-20 22:14:56.949653
101.205.151.117,AVAILABILITY,domains.list,2021-10-20 22:15:00.969804
101.205.144.25,AVAILABILITY,domains.list,2021-10-20 22:30:39.145030
101.205.144.79,AVAILABILITY,domains.list,2021-10-20 22:30:54.420233
101.205.151.13,AVAILABILITY,domains.list,2021-10-20 22:31:22.210809
106.91.246.178,AVAILABILITY,domains.list,2021-10-20 22:40:10.496043
1.189.157.19,AVAILABILITY,domains.list,2021-10-20 22:45:35.347637
101.205.148.115,AVAILABILITY,domains.list,2021-10-20 22:47:15.626930
101.205.151.51,AVAILABILITY,domains.list,2021-10-20 22:47:49.203957
101.205.151.60,AVAILABILITY,domains.list,2021-10-20 22:47:57.450406
101.205.148.24,AVAILABILITY,domains.list,2021-10-20 23:18:59.525839
101.205.148.95,AVAILABILITY,domains.list,2021-10-20 23:19:14.527630
106.113.156.11,AVAILABILITY,domains.list,2021-10-20 23:28:17.162484
101.205.148.28,AVAILABILITY,domains.list,2021-10-20 23:50:40.610499
101.205.148.43,AVAILABILITY,domains.list,2021-10-20 23:50:46.641012
103.167.85.188,AVAILABILITY,domains.list,2021-10-20 23:55:03.790092
101.205.151.59,AVAILABILITY,domains.list,2021-10-21 00:22:23.852102
101.205.144.92,AVAILABILITY,domains.list,2021-10-21 00:37:42.535985
1.129.28.101,AVAILABILITY,domains.list,2021-10-21 00:52:02.528184
1.129.28.133,AVAILABILITY,domains.list,2021-10-21 00:52:24.362963
101.205.148.66,AVAILABILITY,domains.list,2021-10-21 00:54:43.205663
1.181.207.11,AVAILABILITY,domains.list,2021-10-21 01:08:56.004293
103.169.70.21,AVAILABILITY,domains.list,2021-10-21 01:30:45.062641
1.54.68.32,AVAILABILITY,domains.list,2021-10-21 01:41:07.617120
101.205.148.116,AVAILABILITY,domains.list,2021-10-21 01:42:23.216465
106.83.195.184,AVAILABILITY,domains.list,2021-10-21 01:53:36.247258
101.91.207.65,AVAILABILITY,domains.list,2021-10-21 02:02:31.993165
1.189.12.199,AVAILABILITY,domains.list,2021-10-21 02:14:29.482576
101.205.151.116,AVAILABILITY,domains.list,2021-10-21 02:16:32.703635
101.205.151.20,AVAILABILITY,domains.list,2021-10-21 02:31:30.851043
101.205.148.63,AVAILABILITY,domains.list,2021-10-21 02:47:32.098300
101.205.151.122,AVAILABILITY,domains.list,2021-10-21 03:03:36.517665
1.189.170.113,AVAILABILITY,domains.list,2021-10-21 03:17:52.996516
101.89.184.249,AVAILABILITY,domains.list,2021-10-21 03:21:25.188650
101.205.148.21,AVAILABILITY,domains.list,2021-10-21 03:37:55.786322
101.205.144.94,AVAILABILITY,domains.list,2021-10-21 04:25:53.620658
101.205.148.79,AVAILABILITY,domains.list,2021-10-21 04:26:34.258841
101.205.151.46,AVAILABILITY,domains.list,2021-10-21 04:26:59.875617
106.80.115.45,AVAILABILITY,domains.list,2021-10-21 05:38:07.777494
101.205.151.18,AVAILABILITY,domains.list,2021-10-21 06:01:11.471817
101.205.151.76,AVAILABILITY,domains.list,2021-10-21 06:01:26.232496
101.205.144.83,AVAILABILITY,domains.list,2021-10-21 06:16:48.142602
101.205.151.32,AVAILABILITY,domains.list,2021-10-21 06:17:53.071203
101.91.225.17,AVAILABILITY,domains.list,2021-10-21 06:19:55.305194
103.140.73.22,AVAILABILITY,domains.list,2021-10-21 06:21:32.814679
101.91.189.234,AVAILABILITY,domains.list,2021-10-21 06:34:58.197348
103.144.188.96,AVAILABILITY,domains.list,2021-10-21 06:36:29.133677
106.91.247.37,AVAILABILITY,domains.list,2021-10-21 06:43:32.180200
1.70.35.109,AVAILABILITY,domains.list,2021-10-21 06:47:50.527069
103.15.29.136,AVAILABILITY,domains.list,2021-10-21 06:53:33.386237
101.205.148.82,AVAILABILITY,domains.list,2021-10-21 07:04:48.475432
101.205.151.94,AVAILABILITY,domains.list,2021-10-21 07:05:14.295342
101.205.148.3,AVAILABILITY,domains.list,2021-10-21 07:38:05.863106
101.85.244.21,AVAILABILITY,domains.list,2021-10-21 07:39:41.652483
101.205.151.65,AVAILABILITY,domains.list,2021-10-21 07:54:53.626224
101.89.200.132,AVAILABILITY,domains.list,2021-10-21 07:56:20.078623
103.225.227.4,AVAILABILITY,domains.list,2021-10-21 09:37:37.905083
103.26.213.77,AVAILABILITY,domains.list,2021-10-21 09:38:32.528236
106.202.155.235,AVAILABILITY,domains.list,2021-10-21 10:32:33.730613
104.248.49.254,AVAILABILITY,domains.list,2021-10-21 10:47:36.612558
103.144.148.59,AVAILABILITY,domains.list,2021-10-21 10:56:11.564459
106.14.202.136,AVAILABILITY,domains.list,2021-10-21 11:40:12.959713
103.133.116.214,AVAILABILITY,domains.list,2021-10-21 12:14:25.654755
103.31.233.242,AVAILABILITY,domains.list,2021-10-21 13:25:52.229698
106.203.197.229,AVAILABILITY,domains.list,2021-10-21 13:30:14.073042
1.9.71.4,AVAILABILITY,domains.list,2021-10-21 13:41:27.378344
103.141.108.110,AVAILABILITY,domains.list,2021-10-21 14:13:16.165060
104.248.50.102,AVAILABILITY,domains.list,2021-10-21 14:18:11.367371
106.4.30.60,AVAILABILITY,domains.list,2021-10-21 15:08:46.496392
104.152.59.157,AVAILABILITY,domains.list,2021-10-21 15:29:01.470455
104.248.253.46,AVAILABILITY,domains.list,2021-10-21 15:55:45.523623
1.15.144.23,AVAILABILITY,domains.list,2021-10-21 16:04:26.466546
104.248.63.15,AVAILABILITY,domains.list,2021-10-21 17:01:02.230738
1.20.203.14,AVAILABILITY,domains.list,2021-10-21 17:16:19.582892
104.248.49.244,AVAILABILITY,domains.list,2021-10-21 17:26:17.060897
104.248.63.17,AVAILABILITY,domains.list,2021-10-21 17:26:21.940270
103.78.221.202,AVAILABILITY,domains.list,2021-10-21 17:56:21.756701
1.54.206.175,AVAILABILITY,domains.list,2021-10-21 18:19:09.317228
103.167.84.38,AVAILABILITY,domains.list,2021-10-21 19:08:16.201754
106.213.124.194,AVAILABILITY,domains.list,2021-10-21 19:27:51.877264
103.249.25.50,AVAILABILITY,domains.list,2021-10-21 20:22:22.576882
1.12.223.33,AVAILABILITY,domains.list,2021-10-21 20:29:52.411323
103.106.219.52,AVAILABILITY,domains.list,2021-10-21 20:34:38.148779
103.169.130.28,AVAILABILITY,domains.list,2021-10-21 20:36:16.875277
103.89.37.125,AVAILABILITY,domains.list,2021-10-21 20:38:09.026762
